name,year,month,star_count_prev,star_count_current,color_num
spree,2008,3,149,149,90
beanstalkd,2008,3,64,64,7784
nerdtree,2008,3,56,56,8307
rails,2008,4,1170,1170,131
paperclip,2008,4,488,488,5446
spree,2008,4,149,284,90
beanstalkd,2008,4,64,107,7784
nerdtree,2008,4,56,100,8307
rails,2008,5,1170,1540,131
paperclip,2008,5,488,623,5446
spree,2008,5,284,355,90
liquid,2008,5,172,172,7969
beanstalkd,2008,5,107,130,7784
nerdtree,2008,5,100,123,8307
rails,2008,6,1540,1870,131
paperclip,2008,6,623,761,5446
factory_bot,2008,6,481,481,8905
spree,2008,6,355,436,90
liquid,2008,6,172,214,7969
beanstalkd,2008,6,130,153,7784
nerdtree,2008,6,123,145,8307
reddit,2008,6,98,98,6537
rails,2008,7,1870,2086,131
paperclip,2008,7,761,862,5446
factory_bot,2008,7,481,535,8905
spree,2008,7,436,497,90
liquid,2008,7,214,256,7969
beanstalkd,2008,7,153,165,7784
nerdtree,2008,7,145,157,8307
git,2008,7,139,139,5487
reddit,2008,7,98,113,6537
hello-world,2008,7,60,60,910
rails,2008,8,2086,2325,131
paperclip,2008,8,862,947,5446
carrierwave,2008,8,759,759,9822
compass,2008,8,732,732,3747
factory_bot,2008,8,535,593,8905
spree,2008,8,497,542,90
liquid,2008,8,256,285,7969
django-debug-toolbar,2008,8,191,191,8722
beanstalkd,2008,8,165,182,7784
nerdtree,2008,8,157,182,8307
git,2008,8,139,158,5487
reddit,2008,8,113,125,6537
hello-world,2008,8,60,65,910
rails,2008,9,2325,2563,131
paperclip,2008,9,947,1043,5446
carrierwave,2008,9,759,823,9822
compass,2008,9,732,809,3747
factory_bot,2008,9,593,638,8905
spree,2008,9,542,601,90
raphael,2008,9,488,488,1837
liquid,2008,9,285,314,7969
django-debug-toolbar,2008,9,191,232,8722
beanstalkd,2008,9,182,205,7784
nerdtree,2008,9,182,204,8307
git,2008,9,158,179,5487
reddit,2008,9,125,146,6537
vim-surround,2008,9,107,107,6647
hello-world,2008,9,65,72,910
rails,2008,10,2563,2823,131
jekyll,2008,10,1260,1260,3520
paperclip,2008,10,1043,1146,5446
carrierwave,2008,10,823,894,9822
compass,2008,10,809,885,3747
factory_bot,2008,10,638,697,8905
spree,2008,10,601,668,90
raphael,2008,10,488,562,1837
liquid,2008,10,314,342,7969
django-debug-toolbar,2008,10,232,268,8722
nerdtree,2008,10,204,229,8307
beanstalkd,2008,10,205,223,7784
git,2008,10,179,201,5487
reddit,2008,10,146,164,6537
vim-surround,2008,10,107,124,6647
rails,2008,11,2823,3056,131
jekyll,2008,11,1260,1382,3520
paperclip,2008,11,1146,1250,5446
carrierwave,2008,11,894,970,9822
compass,2008,11,885,969,3747
factory_bot,2008,11,697,746,8905
spree,2008,11,668,727,90
raphael,2008,11,562,614,1837
liquid,2008,11,342,372,7969
django-debug-toolbar,2008,11,268,307,8722
nerdtree,2008,11,229,258,8307
beanstalkd,2008,11,223,251,7784
git,2008,11,201,224,5487
reddit,2008,11,164,187,6537
vim-surround,2008,11,124,143,6647
rails,2008,12,3056,3310,131
jekyll,2008,12,1382,1519,3520
paperclip,2008,12,1250,1358,5446
compass,2008,12,969,1057,3747
carrierwave,2008,12,970,1046,9822
spree,2008,12,727,801,90
factory_bot,2008,12,746,795,8905
jasmine,2008,12,698,698,4
raphael,2008,12,614,695,1837
liquid,2008,12,372,397,7969
django-debug-toolbar,2008,12,307,356,8722
nerdtree,2008,12,258,295,8307
beanstalkd,2008,12,251,275,7784
git,2008,12,224,249,5487
reddit,2008,12,187,217,6537
rails,2009,1,3310,3561,131
jekyll,2009,1,1519,1676,3520
paperclip,2009,1,1358,1464,5446
compass,2009,1,1057,1133,3747
carrierwave,2009,1,1046,1103,9822
sinatra,2009,1,1020,1020,7685
spree,2009,1,801,859,90
factory_bot,2009,1,795,848,8905
raphael,2009,1,695,772,1837
jasmine,2009,1,698,768,4
chef,2009,1,568,568,9186
oocss,2009,1,562,562,6130
liquid,2009,1,397,422,7969
django-debug-toolbar,2009,1,356,400,8722
mongo,2009,1,376,376,8230
rails,2009,2,3561,3814,131
jekyll,2009,2,1676,1840,3520
paperclip,2009,2,1464,1586,5446
whenever,2009,2,1274,1274,7609
compass,2009,2,1133,1226,3747
carrierwave,2009,2,1103,1190,9822
three20,2009,2,1146,1146,5477
sinatra,2009,2,1020,1096,7685
spree,2009,2,859,939,90
factory_bot,2009,2,848,912,8905
raphael,2009,2,772,859,1837
jasmine,2009,2,768,849,4
oocss,2009,2,562,639,6130
chef,2009,2,568,614,9186
capistrano,2009,2,541,541,3365
rails,2009,3,3814,4069,131
jekyll,2009,3,1840,1985,3520
paperclip,2009,3,1586,1687,5446
whenever,2009,3,1274,1351,7609
compass,2009,3,1226,1328,3747
three20,2009,3,1146,1310,5477
carrierwave,2009,3,1190,1266,9822
sinatra,2009,3,1096,1179,7685
redis,2009,3,1092,1092,7453
spree,2009,3,939,1000,90
factory_bot,2009,3,912,956,8905
jasmine,2009,3,849,947,4
raphael,2009,3,859,943,1837
oocss,2009,3,639,715,6130
chef,2009,3,614,649,9186
rails,2009,4,4069,4313,131
jekyll,2009,4,1985,2145,3520
paperclip,2009,4,1687,1770,5446
jquery,2009,4,1719,1719,114
three20,2009,4,1310,1447,5477
whenever,2009,4,1351,1419,7609
compass,2009,4,1328,1403,3747
carrierwave,2009,4,1266,1326,9822
sinatra,2009,4,1179,1256,7685
redis,2009,4,1092,1181,7453
spree,2009,4,1000,1081,90
raphael,2009,4,943,1029,1837
factory_bot,2009,4,956,1024,8905
jasmine,2009,4,947,1015,4
oocss,2009,4,715,777,6130
rails,2009,5,4313,4569,131
node-v0.x-archive,2009,5,2835,2835,5229
legacy-homebrew,2009,5,2734,2734,2280
jekyll,2009,5,2145,2284,3520
jquery,2009,5,1719,1875,114
paperclip,2009,5,1770,1875,5446
three20,2009,5,1447,1569,5477
compass,2009,5,1403,1496,3747
whenever,2009,5,1419,1490,7609
carrierwave,2009,5,1326,1398,9822
sinatra,2009,5,1256,1327,7685
redis,2009,5,1181,1250,7453
spree,2009,5,1081,1144,90
raphael,2009,5,1029,1110,1837
jasmine,2009,5,1015,1098,4
rails,2009,6,4569,4779,131
node-v0.x-archive,2009,6,2835,3033,5229
legacy-homebrew,2009,6,2734,2899,2280
jekyll,2009,6,2284,2422,3520
jquery,2009,6,1875,2008,114
paperclip,2009,6,1875,1953,5446
express,2009,6,1714,1714,6897
three20,2009,6,1569,1670,5477
compass,2009,6,1496,1562,3747
whenever,2009,6,1490,1544,7609
carrierwave,2009,6,1398,1456,9822
sinatra,2009,6,1327,1387,7685
redis,2009,6,1250,1336,7453
spree,2009,6,1144,1204,90
raphael,2009,6,1110,1158,1837
rails,2009,7,4779,4999,131
node-v0.x-archive,2009,7,3033,3253,5229
legacy-homebrew,2009,7,2899,3067,2280
jekyll,2009,7,2422,2552,3520
jquery,2009,7,2008,2151,114
paperclip,2009,7,1953,2037,5446
express,2009,7,1714,1811,6897
three20,2009,7,1670,1777,5477
compass,2009,7,1562,1635,3747
whenever,2009,7,1544,1591,7609
carrierwave,2009,7,1456,1525,9822
sinatra,2009,7,1387,1468,7685
redis,2009,7,1336,1408,7453
spree,2009,7,1204,1268,90
jasmine,2009,7,1150,1230,4
rails,2009,8,4999,5221,131
node-v0.x-archive,2009,8,3253,3449,5229
legacy-homebrew,2009,8,3067,3258,2280
jekyll,2009,8,2552,2688,3520
ohmyzsh,2009,8,2341,2341,3504
jquery,2009,8,2151,2318,114
paperclip,2009,8,2037,2117,5446
resque,2009,8,2021,2021,7993
express,2009,8,1811,1911,6897
three20,2009,8,1777,1896,5477
compass,2009,8,1635,1697,3747
whenever,2009,8,1591,1654,7609
carrierwave,2009,8,1525,1599,9822
sinatra,2009,8,1468,1536,7685
redis,2009,8,1408,1492,7453
rails,2009,9,5221,5450,131
node-v0.x-archive,2009,9,3449,3673,5229
legacy-homebrew,2009,9,3258,3410,2280
jekyll,2009,9,2688,2797,3520
devise,2009,9,2794,2794,62
jquery,2009,9,2318,2520,114
ohmyzsh,2009,9,2341,2466,3504
paperclip,2009,9,2117,2186,5446
resque,2009,9,2021,2090,7993
express,2009,9,1911,2032,6897
three20,2009,9,1896,2002,5477
compass,2009,9,1697,1755,3747
whenever,2009,9,1654,1710,7609
carrierwave,2009,9,1599,1651,9822
sinatra,2009,9,1536,1583,7685
rails,2009,10,5450,5649,131
node-v0.x-archive,2009,10,3673,3953,5229
legacy-homebrew,2009,10,3410,3609,2280
jekyll,2009,10,2797,2938,3520
devise,2009,10,2794,2927,62
jquery,2009,10,2520,2732,114
ohmyzsh,2009,10,2466,2603,3504
paperclip,2009,10,2186,2281,5446
resque,2009,10,2090,2172,7993
express,2009,10,2032,2170,6897
three20,2009,10,2002,2149,5477
underscore,2009,10,1931,1931,5262
compass,2009,10,1755,1811,3747
whenever,2009,10,1710,1754,7609
carrierwave,2009,10,1651,1717,9822
rails,2009,11,5649,5858,131
node-v0.x-archive,2009,11,3953,4186,5229
legacy-homebrew,2009,11,3609,3758,2280
jekyll,2009,11,2938,3058,3520
devise,2009,11,2927,3047,62
jquery,2009,11,2732,2951,114
ohmyzsh,2009,11,2603,2743,3504
paperclip,2009,11,2281,2341,5446
express,2009,11,2170,2278,6897
three20,2009,11,2149,2276,5477
resque,2009,11,2172,2240,7993
underscore,2009,11,1931,2035,5262
compass,2009,11,1811,1879,3747
whenever,2009,11,1754,1798,7609
carrierwave,2009,11,1717,1771,9822
rails,2009,12,5858,6065,131
node-v0.x-archive,2009,12,4186,4446,5229
legacy-homebrew,2009,12,3758,3929,2280
jekyll,2009,12,3058,3190,3520
jquery,2009,12,2951,3156,114
devise,2009,12,3047,3154,62
ohmyzsh,2009,12,2743,2872,3504
paperclip,2009,12,2341,2411,5446
express,2009,12,2278,2400,6897
three20,2009,12,2276,2382,5477
resque,2009,12,2240,2305,7993
underscore,2009,12,2035,2124,5262
coffeescript,2009,12,2024,2024,8895
compass,2009,12,1879,1943,3747
whenever,2009,12,1798,1847,7609
rails,2010,1,6065,6305,131
node-v0.x-archive,2010,1,4446,4780,5229
legacy-homebrew,2010,1,3929,4147,2280
html5-boilerplate,2010,1,4019,4019,5254
jquery,2010,1,3156,3447,114
jekyll,2010,1,3190,3352,3520
devise,2010,1,3154,3278,62
ohmyzsh,2010,1,2872,3026,3504
express,2010,1,2400,2554,6897
three20,2010,1,2382,2525,5477
paperclip,2010,1,2411,2490,5446
resque,2010,1,2305,2386,7993
gitflow,2010,1,2296,2296,558
underscore,2010,1,2124,2257,5262
coffeescript,2010,1,2024,2143,8895
rails,2010,2,6305,6581,131
node-v0.x-archive,2010,2,4780,5122,5229
legacy-homebrew,2010,2,4147,4342,2280
html5-boilerplate,2010,2,4019,4301,5254
jquery,2010,2,3447,3747,114
jekyll,2010,2,3352,3522,3520
devise,2010,2,3278,3423,62
ohmyzsh,2010,2,3026,3207,3504
express,2010,2,2554,2724,6897
three20,2010,2,2525,2657,5477
paperclip,2010,2,2490,2570,5446
resque,2010,2,2386,2469,7993
gitflow,2010,2,2296,2410,558
underscore,2010,2,2257,2390,5262
coffeescript,2010,2,2143,2253,8895
rails,2010,3,6581,6838,131
node-v0.x-archive,2010,3,5122,5447,5229
html5-boilerplate,2010,3,4301,4577,5254
legacy-homebrew,2010,3,4342,4543,2280
jquery,2010,3,3747,4042,114
jekyll,2010,3,3522,3660,3520
devise,2010,3,3423,3576,62
ohmyzsh,2010,3,3207,3356,3504
express,2010,3,2724,2885,6897
three.js,2010,3,2799,2799,3556
three20,2010,3,2657,2785,5477
paperclip,2010,3,2570,2641,5446
resque,2010,3,2469,2533,7993
gitflow,2010,3,2410,2530,558
underscore,2010,3,2390,2517,5262
rails,2010,4,6838,7087,131
node-v0.x-archive,2010,4,5447,5746,5229
html5-boilerplate,2010,4,4577,4851,5254
legacy-homebrew,2010,4,4543,4718,2280
jquery,2010,4,4042,4395,114
jekyll,2010,4,3660,3789,3520
devise,2010,4,3576,3695,62
ohmyzsh,2010,4,3356,3518,3504
express,2010,4,2885,3027,6897
three.js,2010,4,2799,2988,3556
three20,2010,4,2785,2920,5477
paperclip,2010,4,2641,2709,5446
gitflow,2010,4,2530,2632,558
underscore,2010,4,2517,2627,5262
resque,2010,4,2533,2610,7993
rails,2010,5,7087,7336,131
node-v0.x-archive,2010,5,5746,6079,5229
html5-boilerplate,2010,5,4851,5140,5254
legacy-homebrew,2010,5,4718,4904,2280
jquery,2010,5,4395,4788,114
jekyll,2010,5,3789,3921,3520
devise,2010,5,3695,3814,62
ohmyzsh,2010,5,3518,3669,3504
three.js,2010,5,2988,3197,3556
express,2010,5,3027,3188,6897
three20,2010,5,2920,3065,5477
paperclip,2010,5,2709,2770,5446
underscore,2010,5,2627,2757,5262
gitflow,2010,5,2632,2754,558
resque,2010,5,2610,2662,7993
rails,2010,6,7336,7615,131
node-v0.x-archive,2010,6,6079,6420,5229
html5-boilerplate,2010,6,5140,5434,5254
jquery,2010,6,4788,5145,114
legacy-homebrew,2010,6,4904,5061,2280
jekyll,2010,6,3921,4073,3520
devise,2010,6,3814,3932,62
ohmyzsh,2010,6,3669,3828,3504
three.js,2010,6,3197,3388,3556
express,2010,6,3188,3354,6897
three20,2010,6,3065,3189,5477
underscore,2010,6,2757,2883,5262
gitflow,2010,6,2754,2858,558
paperclip,2010,6,2770,2837,5446
coffeescript,2010,6,2626,2740,8895
rails,2010,7,7615,7891,131
node-v0.x-archive,2010,7,6420,6758,5229
html5-boilerplate,2010,7,5434,5769,5254
jquery,2010,7,5145,5467,114
legacy-homebrew,2010,7,5061,5228,2280
jekyll,2010,7,4073,4246,3520
devise,2010,7,3932,4085,62
ohmyzsh,2010,7,3828,3981,3504
three.js,2010,7,3388,3559,3556
express,2010,7,3354,3516,6897
three20,2010,7,3189,3305,5477
underscore,2010,7,2883,3010,5262
gitflow,2010,7,2858,2970,558
paperclip,2010,7,2837,2914,5446
coffeescript,2010,7,2740,2863,8895
rails,2010,8,7891,8146,131
node-v0.x-archive,2010,8,6758,7151,5229
html5-boilerplate,2010,8,5769,6155,5254
jquery,2010,8,5467,5842,114
legacy-homebrew,2010,8,5228,5396,2280
jekyll,2010,8,4246,4406,3520
devise,2010,8,4085,4214,62
ohmyzsh,2010,8,3981,4125,3504
three.js,2010,8,3559,3760,3556
express,2010,8,3516,3675,6897
three20,2010,8,3305,3451,5477
underscore,2010,8,3010,3135,5262
gitflow,2010,8,2970,3086,558
coffeescript,2010,8,2863,2996,8895
paperclip,2010,8,2914,2975,5446
rails,2010,9,8146,8449,131
node-v0.x-archive,2010,9,7151,7540,5229
html5-boilerplate,2010,9,6155,6550,5254
jquery,2010,9,5842,6237,114
legacy-homebrew,2010,9,5396,5584,2280
d3,2010,9,5087,5087,8678
backbone,2010,9,5027,5027,2748
jekyll,2010,9,4406,4581,3520
devise,2010,9,4214,4351,62
ohmyzsh,2010,9,4125,4310,3504
three.js,2010,9,3760,3961,3556
express,2010,9,3675,3844,6897
diaspora,2010,9,3679,3679,9655
three20,2010,9,3451,3585,5477
underscore,2010,9,3135,3297,5262
rails,2010,10,8449,8744,131
node-v0.x-archive,2010,10,7540,7950,5229
html5-boilerplate,2010,10,6550,6954,5254
jquery,2010,10,6237,6641,114
legacy-homebrew,2010,10,5584,5803,2280
d3,2010,10,5087,5374,8678
backbone,2010,10,5027,5337,2748
jekyll,2010,10,4581,4759,3520
devise,2010,10,4351,4509,62
ohmyzsh,2010,10,4310,4474,3504
three.js,2010,10,3961,4182,3556
express,2010,10,3844,4041,6897
diaspora,2010,10,3679,3911,9655
three20,2010,10,3585,3720,5477
underscore,2010,10,3297,3450,5262
rails,2010,11,8744,9011,131
node-v0.x-archive,2010,11,7950,8349,5229
html5-boilerplate,2010,11,6954,7340,5254
jquery,2010,11,6641,7037,114
legacy-homebrew,2010,11,5803,5989,2280
d3,2010,11,5374,5585,8678
backbone,2010,11,5337,5579,2748
jekyll,2010,11,4759,4922,3520
ohmyzsh,2010,11,4474,4659,3504
devise,2010,11,4509,4625,62
three.js,2010,11,4182,4419,3556
express,2010,11,4041,4232,6897
gitignore,2010,11,4229,4229,4875
diaspora,2010,11,3911,4090,9655
three20,2010,11,3720,3833,5477
rails,2010,12,9011,9255,131
node-v0.x-archive,2010,12,8349,8756,5229
html5-boilerplate,2010,12,7340,7663,5254
jquery,2010,12,7037,7370,114
legacy-homebrew,2010,12,5989,6169,2280
d3,2010,12,5585,5808,8678
backbone,2010,12,5579,5798,2748
jekyll,2010,12,4922,5078,3520
ohmyzsh,2010,12,4659,4802,3504
devise,2010,12,4625,4751,62
three.js,2010,12,4419,4592,3556
express,2010,12,4232,4394,6897
gitignore,2010,12,4229,4383,4875
diaspora,2010,12,4090,4253,9655
jQuery-File-Upload,2010,12,4068,4068,5008
rails,2011,1,9255,9524,131
node-v0.x-archive,2011,1,8756,9220,5229
html5-boilerplate,2011,1,7663,8053,5254
jquery,2011,1,7370,7782,114
legacy-homebrew,2011,1,6169,6373,2280
d3,2011,1,5808,6084,8678
backbone,2011,1,5798,6060,2748
jekyll,2011,1,5078,5244,3520
ohmyzsh,2011,1,4802,4973,3504
devise,2011,1,4751,4881,62
three.js,2011,1,4592,4823,3556
express,2011,1,4394,4586,6897
gitignore,2011,1,4383,4578,4875
diaspora,2011,1,4253,4458,9655
jQuery-File-Upload,2011,1,4068,4274,5008
rails,2011,2,9524,9813,131
node-v0.x-archive,2011,2,9220,9673,5229
html5-boilerplate,2011,2,8053,8489,5254
jquery,2011,2,7782,8185,114
legacy-homebrew,2011,2,6373,6594,2280
d3,2011,2,6084,6405,8678
backbone,2011,2,6060,6326,2748
jekyll,2011,2,5244,5414,3520
ohmyzsh,2011,2,4973,5148,3504
three.js,2011,2,4823,5078,3556
devise,2011,2,4881,4998,62
express,2011,2,4586,4800,6897
gitignore,2011,2,4578,4764,4875
diaspora,2011,2,4458,4646,9655
jQuery-File-Upload,2011,2,4274,4492,5008
node-v0.x-archive,2011,3,9673,10200,5229
rails,2011,3,9813,10154,131
html5-boilerplate,2011,3,8489,8995,5254
jquery,2011,3,8185,8655,114
legacy-homebrew,2011,3,6594,6841,2280
d3,2011,3,6405,6765,8678
backbone,2011,3,6326,6657,2748
jekyll,2011,3,5414,5627,3520
three.js,2011,3,5078,5368,3556
ohmyzsh,2011,3,5148,5354,3504
devise,2011,3,4998,5147,62
express,2011,3,4800,5036,6897
gitignore,2011,3,4764,4986,4875
diaspora,2011,3,4646,4842,9655
jQuery-File-Upload,2011,3,4492,4770,5008
node-v0.x-archive,2011,4,10200,10681,5229
rails,2011,4,10154,10461,131
html5-boilerplate,2011,4,8995,9401,5254
jquery,2011,4,8655,9079,114
d3,2011,4,6765,7075,8678
legacy-homebrew,2011,4,6841,7049,2280
backbone,2011,4,6657,6925,2748
chosen,2011,4,6329,6329,9363
jekyll,2011,4,5627,5804,3520
three.js,2011,4,5368,5621,3556
ohmyzsh,2011,4,5354,5532,3504
devise,2011,4,5147,5265,62
express,2011,4,5036,5230,6897
gitignore,2011,4,4986,5187,4875
diaspora,2011,4,4842,5009,9655
node-v0.x-archive,2011,5,10681,11100,5229
rails,2011,5,10461,10773,131
html5-boilerplate,2011,5,9401,9821,5254
jquery,2011,5,9079,9465,114
d3,2011,5,7075,7348,8678
legacy-homebrew,2011,5,7049,7242,2280
backbone,2011,5,6925,7199,2748
chosen,2011,5,6329,6560,9363
jekyll,2011,5,5804,5974,3520
three.js,2011,5,5621,5842,3556
ohmyzsh,2011,5,5532,5704,3504
express,2011,5,5230,5416,6897
devise,2011,5,5265,5396,62
gitignore,2011,5,5187,5360,4875
jQuery-File-Upload,2011,5,4977,5184,5008
node-v0.x-archive,2011,6,11100,11562,5229
rails,2011,6,10773,11076,131
html5-boilerplate,2011,6,9821,10276,5254
jquery,2011,6,9465,9863,114
d3,2011,6,7348,7656,8678
backbone,2011,6,7199,7503,2748
legacy-homebrew,2011,6,7242,7444,2280
chosen,2011,6,6560,6814,9363
jekyll,2011,6,5974,6144,3520
three.js,2011,6,5842,6097,3556
ohmyzsh,2011,6,5704,5858,3504
express,2011,6,5416,5620,6897
gitignore,2011,6,5360,5543,4875
devise,2011,6,5396,5528,62
jQuery-File-Upload,2011,6,5184,5418,5008
bootstrap,2011,7,23251,23251,950
node-v0.x-archive,2011,7,11562,11937,5229
rails,2011,7,11076,11350,131
html5-boilerplate,2011,7,10276,10646,5254
jquery,2011,7,9863,10211,114
d3,2011,7,7656,7901,8678
backbone,2011,7,7503,7726,2748
legacy-homebrew,2011,7,7444,7619,2280
chosen,2011,7,6814,7057,9363
three.js,2011,7,6097,6284,3556
jekyll,2011,7,6144,6283,3520
ohmyzsh,2011,7,5858,6000,3504
express,2011,7,5620,5782,6897
gitignore,2011,7,5543,5707,4875
devise,2011,7,5528,5641,62
bootstrap,2011,8,23251,24309,950
node-v0.x-archive,2011,8,11937,12294,5229
rails,2011,8,11350,11601,131
html5-boilerplate,2011,8,10646,11028,5254
jquery,2011,8,10211,10610,114
d3,2011,8,7901,8170,8678
backbone,2011,8,7726,7968,2748
legacy-homebrew,2011,8,7619,7787,2280
chosen,2011,8,7057,7275,9363
three.js,2011,8,6284,6503,3556
jekyll,2011,8,6283,6426,3520
ohmyzsh,2011,8,6000,6138,3504
express,2011,8,5782,5959,6897
gitignore,2011,8,5707,5853,4875
jQuery-File-Upload,2011,8,5615,5828,5008
bootstrap,2011,9,24309,25421,950
node-v0.x-archive,2011,9,12294,12702,5229
rails,2011,9,11601,11878,131
html5-boilerplate,2011,9,11028,11384,5254
jquery,2011,9,10610,11008,114
d3,2011,9,8170,8468,8678
backbone,2011,9,7968,8200,2748
legacy-homebrew,2011,9,7787,7944,2280
chosen,2011,9,7275,7484,9363
three.js,2011,9,6503,6695,3556
jekyll,2011,9,6426,6569,3520
ohmyzsh,2011,9,6138,6275,3504
express,2011,9,5959,6131,6897
jQuery-File-Upload,2011,9,5828,6031,5008
gitignore,2011,9,5853,6012,4875
bootstrap,2011,10,25421,26346,950
node-v0.x-archive,2011,10,12702,13015,5229
rails,2011,10,11878,12114,131
html5-boilerplate,2011,10,11384,11689,5254
jquery,2011,10,11008,11311,114
d3,2011,10,8468,8711,8678
backbone,2011,10,8200,8382,2748
legacy-homebrew,2011,10,7944,8065,2280
chosen,2011,10,7484,7654,9363
three.js,2011,10,6695,6890,3556
jekyll,2011,10,6569,6705,3520
ohmyzsh,2011,10,6275,6390,3504
express,2011,10,6131,6275,6897
jQuery-File-Upload,2011,10,6031,6222,5008
gitignore,2011,10,6012,6130,4875
bootstrap,2011,11,26346,27313,950
node-v0.x-archive,2011,11,13015,13375,5229
rails,2011,11,12114,12370,131
html5-boilerplate,2011,11,11689,12008,5254
jquery,2011,11,11311,11655,114
d3,2011,11,8711,8962,8678
backbone,2011,11,8382,8589,2748
legacy-homebrew,2011,11,8065,8214,2280
chosen,2011,11,7654,7805,9363
three.js,2011,11,6890,7090,3556
jekyll,2011,11,6705,6852,3520
ohmyzsh,2011,11,6390,6511,3504
jQuery-File-Upload,2011,11,6222,6400,5008
express,2011,11,6275,6398,6897
gitignore,2011,11,6130,6258,4875
bootstrap,2011,12,27313,28174,950
node-v0.x-archive,2011,12,13375,13666,5229
rails,2011,12,12370,12567,131
html5-boilerplate,2011,12,12008,12293,5254
jquery,2011,12,11655,11960,114
impress.js,2011,12,9813,9813,6607
d3,2011,12,8962,9194,8678
backbone,2011,12,8589,8756,2748
legacy-homebrew,2011,12,8214,8328,2280
chosen,2011,12,7805,7934,9363
three.js,2011,12,7090,7238,3556
jekyll,2011,12,6852,6974,3520
ohmyzsh,2011,12,6511,6618,3504
jQuery-File-Upload,2011,12,6400,6559,5008
express,2011,12,6398,6528,6897
bootstrap,2012,1,28174,29304,950
node-v0.x-archive,2012,1,13666,14001,5229
rails,2012,1,12567,12791,131
html5-boilerplate,2012,1,12293,12631,5254
jquery,2012,1,11960,12324,114
impress.js,2012,1,9813,10185,6607
d3,2012,1,9194,9429,8678
backbone,2012,1,8756,8958,2748
legacy-homebrew,2012,1,8328,8459,2280
chosen,2012,1,7934,8107,9363
three.js,2012,1,7238,7422,3556
jekyll,2012,1,6974,7101,3520
jQuery-File-Upload,2012,1,6559,6760,5008
ohmyzsh,2012,1,6618,6728,3504
express,2012,1,6528,6628,6897
bootstrap,2012,2,29304,30409,950
node-v0.x-archive,2012,2,14001,14291,5229
rails,2012,2,12791,13034,131
html5-boilerplate,2012,2,12631,12975,5254
jquery,2012,2,12324,12708,114
impress.js,2012,2,10185,10452,6607
d3,2012,2,9429,9682,8678
backbone,2012,2,8958,9147,2748
legacy-homebrew,2012,2,8459,8586,2280
chosen,2012,2,8107,8273,9363
Font-Awesome,2012,2,8271,8271,2409
three.js,2012,2,7422,7597,3556
jekyll,2012,2,7101,7213,3520
jQuery-File-Upload,2012,2,6760,6955,5008
ohmyzsh,2012,2,6728,6829,3504
bootstrap,2012,3,30409,31452,950
node-v0.x-archive,2012,3,14291,14586,5229
html5-boilerplate,2012,3,12975,13310,5254
rails,2012,3,13034,13272,131
jquery,2012,3,12708,13052,114
impress.js,2012,3,10452,10711,6607
d3,2012,3,9682,9896,8678
backbone,2012,3,9147,9328,2748
legacy-homebrew,2012,3,8586,8707,2280
Font-Awesome,2012,3,8271,8530,2409
chosen,2012,3,8273,8431,9363
three.js,2012,3,7597,7790,3556
jekyll,2012,3,7213,7341,3520
jQuery-File-Upload,2012,3,6955,7162,5008
ohmyzsh,2012,3,6829,6927,3504
bootstrap,2012,4,31452,32300,950
node-v0.x-archive,2012,4,14586,14871,5229
html5-boilerplate,2012,4,13310,13583,5254
rails,2012,4,13272,13500,131
jquery,2012,4,13052,13349,114
impress.js,2012,4,10711,10915,6607
d3,2012,4,9896,10082,8678
backbone,2012,4,9328,9487,2748
legacy-homebrew,2012,4,8707,8806,2280
Font-Awesome,2012,4,8530,8709,2409
chosen,2012,4,8431,8552,9363
three.js,2012,4,7790,7940,3556
jekyll,2012,4,7341,7452,3520
jQuery-File-Upload,2012,4,7162,7335,5008
ohmyzsh,2012,4,6927,6998,3504
bootstrap,2012,5,32300,33075,950
node-v0.x-archive,2012,5,14871,15109,5229
html5-boilerplate,2012,5,13583,13805,5254
rails,2012,5,13500,13673,131
jquery,2012,5,13349,13666,114
impress.js,2012,5,10915,11104,6607
d3,2012,5,10082,10248,8678
backbone,2012,5,9487,9620,2748
Font-Awesome,2012,5,8709,8916,2409
legacy-homebrew,2012,5,8806,8895,2280
chosen,2012,5,8552,8644,9363
three.js,2012,5,7940,8103,3556
jekyll,2012,5,7452,7550,3520
jQuery-File-Upload,2012,5,7335,7480,5008
Spoon-Knife,2012,5,6974,7468,1175
bootstrap,2012,6,33075,33719,950
node-v0.x-archive,2012,6,15109,15304,5229
html5-boilerplate,2012,6,13805,14032,5254
jquery,2012,6,13666,13963,114
rails,2012,6,13673,13844,131
impress.js,2012,6,11104,11294,6607
d3,2012,6,10248,10390,8678
backbone,2012,6,9620,9741,2748
Font-Awesome,2012,6,8916,9092,2409
legacy-homebrew,2012,6,8895,8962,2280
chosen,2012,6,8644,8750,9363
three.js,2012,6,8103,8208,3556
Spoon-Knife,2012,6,7468,7742,1175
jekyll,2012,6,7550,7629,3520
jQuery-File-Upload,2012,6,7480,7584,5008
bootstrap,2012,7,33719,34413,950
node-v0.x-archive,2012,7,15304,15522,5229
jquery,2012,7,13963,14287,114
html5-boilerplate,2012,7,14032,14254,5254
rails,2012,7,13844,14000,131
impress.js,2012,7,11294,11457,6607
d3,2012,7,10390,10532,8678
backbone,2012,7,9741,9858,2748
Font-Awesome,2012,7,9092,9251,2409
legacy-homebrew,2012,7,8962,9040,2280
chosen,2012,7,8750,8835,9363
three.js,2012,7,8208,8316,3556
Spoon-Knife,2012,7,7742,8041,1175
jQuery-File-Upload,2012,7,7584,7701,5008
jekyll,2012,7,7629,7682,3520
bootstrap,2012,8,34413,34860,950
node-v0.x-archive,2012,8,15522,15657,5229
jquery,2012,8,14287,14476,114
html5-boilerplate,2012,8,14254,14419,5254
rails,2012,8,14000,14093,131
impress.js,2012,8,11457,11549,6607
d3,2012,8,10532,10643,8678
backbone,2012,8,9858,9950,2748
Font-Awesome,2012,8,9251,9349,2409
legacy-homebrew,2012,8,9040,9092,2280
chosen,2012,8,8835,8890,9363
three.js,2012,8,8316,8394,3556
Spoon-Knife,2012,8,8041,8083,1175
jQuery-File-Upload,2012,8,7701,7778,5008
jekyll,2012,8,7682,7735,3520
bootstrap,2012,9,34860,35200,950
node-v0.x-archive,2012,9,15657,15752,5229
jquery,2012,9,14476,14603,114
html5-boilerplate,2012,9,14419,14548,5254
rails,2012,9,14093,14161,131
impress.js,2012,9,11549,11626,6607
d3,2012,9,10643,10709,8678
backbone,2012,9,9950,10010,2748
Font-Awesome,2012,9,9349,9419,2409
legacy-homebrew,2012,9,9092,9125,2280
chosen,2012,9,8890,8923,9363
three.js,2012,9,8394,8449,3556
Spoon-Knife,2012,9,8083,8087,1175
jQuery-File-Upload,2012,9,7778,7819,5008
jekyll,2012,9,7735,7776,3520
bootstrap,2012,10,35200,35398,950
node-v0.x-archive,2012,10,15752,15845,5229
jquery,2012,10,14603,14721,114
html5-boilerplate,2012,10,14548,14649,5254
rails,2012,10,14161,14214,131
impress.js,2012,10,11626,11697,6607
d3,2012,10,10709,10799,8678
backbone,2012,10,10010,10071,2748
Font-Awesome,2012,10,9419,9487,2409
legacy-homebrew,2012,10,9125,9156,2280
chosen,2012,10,8923,8959,9363
three.js,2012,10,8449,8495,3556
Spoon-Knife,2012,10,8087,8091,1175
jQuery-File-Upload,2012,10,7819,7867,5008
jekyll,2012,10,7776,7818,3520
bootstrap,2012,11,35398,35403,950
node-v0.x-archive,2012,11,15845,15923,5229
jquery,2012,11,14721,14816,114
html5-boilerplate,2012,11,14649,14747,5254
rails,2012,11,14214,14269,131
impress.js,2012,11,11697,11751,6607
d3,2012,11,10799,10853,8678
backbone,2012,11,10071,10116,2748
Font-Awesome,2012,11,9487,9545,2409
legacy-homebrew,2012,11,9156,9187,2280
chosen,2012,11,8959,8980,9363
three.js,2012,11,8495,8530,3556
Spoon-Knife,2012,11,8091,8094,1175
jQuery-File-Upload,2012,11,7867,7906,5008
jekyll,2012,11,7818,7846,3520
bootstrap,2012,12,35403,35404,950
node-v0.x-archive,2012,12,15923,15981,5229
jquery,2012,12,14816,14895,114
html5-boilerplate,2012,12,14747,14841,5254
rails,2012,12,14269,14306,131
impress.js,2012,12,11751,11792,6607
d3,2012,12,10853,10902,8678
backbone,2012,12,10116,10160,2748
Font-Awesome,2012,12,9545,9605,2409
legacy-homebrew,2012,12,9187,9209,2280
chosen,2012,12,8980,9006,9363
three.js,2012,12,8530,8563,3556
Spoon-Knife,2012,12,8094,8103,1175
jQuery-File-Upload,2012,12,7906,7950,5008
jekyll,2012,12,7846,7876,3520
bootstrap,2013,1,35404,35409,950
node-v0.x-archive,2013,1,15981,16029,5229
jquery,2013,1,14895,15001,114
html5-boilerplate,2013,1,14841,14934,5254
rails,2013,1,14306,14334,131
impress.js,2013,1,11792,11835,6607
d3,2013,1,10902,10944,8678
backbone,2013,1,10160,10194,2748
Font-Awesome,2013,1,9605,9645,2409
legacy-homebrew,2013,1,9209,9224,2280
chosen,2013,1,9006,9031,9363
three.js,2013,1,8563,8591,3556
Spoon-Knife,2013,1,8103,8115,1175
jQuery-File-Upload,2013,1,7950,7984,5008
jekyll,2013,1,7876,7894,3520
bootstrap,2013,2,35409,35588,950
node-v0.x-archive,2013,2,16029,16342,5229
html5-boilerplate,2013,2,14934,15368,5254
jquery,2013,2,15001,15347,114
rails,2013,2,14334,14555,131
impress.js,2013,2,11835,12172,6607
d3,2013,2,10944,11463,8678
backbone,2013,2,10194,10483,2748
Font-Awesome,2013,2,9645,10048,2409
legacy-homebrew,2013,2,9224,9431,2280
chosen,2013,2,9031,9317,9363
three.js,2013,2,8591,8861,3556
jQuery-File-Upload,2013,2,7984,8239,5008
jekyll,2013,2,7894,8141,3520
Spoon-Knife,2013,2,8115,8131,1175
bootstrap,2013,3,35588,35812,950
node-v0.x-archive,2013,3,16342,16984,5229
html5-boilerplate,2013,3,15368,15995,5254
jquery,2013,3,15347,15894,114
rails,2013,3,14555,14919,131
impress.js,2013,3,12172,12738,6607
d3,2013,3,11463,12252,8678
backbone,2013,3,10483,11009,2748
Font-Awesome,2013,3,10048,10744,2409
legacy-homebrew,2013,3,9431,9753,2280
chosen,2013,3,9317,9718,9363
three.js,2013,3,8861,9330,3556
jQuery-File-Upload,2013,3,8239,8695,5008
foundation-sites,2013,3,7690,8612,5202
jekyll,2013,3,8141,8594,3520
bootstrap,2013,4,35812,36010,950
node-v0.x-archive,2013,4,16984,17493,5229
html5-boilerplate,2013,4,15995,16599,5254
jquery,2013,4,15894,16450,114
rails,2013,4,14919,15243,131
impress.js,2013,4,12738,13332,6607
d3,2013,4,12252,13030,8678
Font-Awesome,2013,4,10744,11471,2409
backbone,2013,4,11009,11398,2748
chosen,2013,4,9718,10231,9363
legacy-homebrew,2013,4,9753,10076,2280
three.js,2013,4,9330,9796,3556
jQuery-File-Upload,2013,4,8695,9160,5008
foundation-sites,2013,4,8612,9094,5202
jekyll,2013,4,8594,8994,3520
bootstrap,2013,5,36010,36208,950
node-v0.x-archive,2013,5,17493,18047,5229
html5-boilerplate,2013,5,16599,17120,5254
jquery,2013,5,16450,16882,114
rails,2013,5,15243,15541,131
impress.js,2013,5,13332,13845,6607
d3,2013,5,13030,13778,8678
Font-Awesome,2013,5,11471,12342,2409
backbone,2013,5,11398,11785,2748
chosen,2013,5,10231,10571,9363
legacy-homebrew,2013,5,10076,10388,2280
three.js,2013,5,9796,10114,3556
jQuery-File-Upload,2013,5,9160,9623,5008
foundation-sites,2013,5,9094,9568,5202
jekyll,2013,5,8994,9458,3520
bootstrap,2013,6,36208,36431,950
node-v0.x-archive,2013,6,18047,18537,5229
html5-boilerplate,2013,6,17120,17605,5254
jquery,2013,6,16882,17293,114
rails,2013,6,15541,15831,131
d3,2013,6,13778,14428,8678
impress.js,2013,6,13845,14357,6607
Font-Awesome,2013,6,12342,13060,2409
backbone,2013,6,11785,12130,2748
chosen,2013,6,10571,10920,9363
legacy-homebrew,2013,6,10388,10668,2280
three.js,2013,6,10114,10419,3556
foundation-sites,2013,6,9568,10033,5202
jQuery-File-Upload,2013,6,9623,10022,5008
jekyll,2013,6,9458,9738,3520
bootstrap,2013,7,36431,36668,950
node-v0.x-archive,2013,7,18537,19102,5229
html5-boilerplate,2013,7,17605,18137,5254
jquery,2013,7,17293,17720,114
rails,2013,7,15831,16146,131
d3,2013,7,14428,15142,8678
impress.js,2013,7,14357,14857,6607
Font-Awesome,2013,7,13060,13767,2409
backbone,2013,7,12130,12507,2748
chosen,2013,7,10920,11254,9363
legacy-homebrew,2013,7,10668,10945,2280
three.js,2013,7,10419,10734,3556
foundation-sites,2013,7,10033,10569,5202
jQuery-File-Upload,2013,7,10022,10430,5008
jekyll,2013,7,9738,10080,3520
bootstrap,2013,8,36668,36952,950
node-v0.x-archive,2013,8,19102,19605,5229
html5-boilerplate,2013,8,18137,18571,5254
jquery,2013,8,17720,18569,114
rails,2013,8,16146,16399,131
d3,2013,8,15142,16019,8678
impress.js,2013,8,14857,15200,6607
Font-Awesome,2013,8,13767,14402,2409
backbone,2013,8,12507,12844,2748
chosen,2013,8,11254,11575,9363
legacy-homebrew,2013,8,10945,11268,2280
angular.js,2013,8,10003,11127,7434
three.js,2013,8,10734,11096,3556
foundation-sites,2013,8,10569,11005,5202
jQuery-File-Upload,2013,8,10430,10887,5008
bootstrap,2013,9,36952,37203,950
node-v0.x-archive,2013,9,19605,20049,5229
jquery,2013,9,18569,19611,114
html5-boilerplate,2013,9,18571,18939,5254
d3,2013,9,16019,16724,8678
rails,2013,9,16399,16661,131
impress.js,2013,9,15200,15516,6607
Font-Awesome,2013,9,14402,14896,2409
backbone,2013,9,12844,13127,2748
angular.js,2013,9,11127,12152,7434
chosen,2013,9,11575,11838,9363
legacy-homebrew,2013,9,11268,11532,2280
three.js,2013,9,11096,11411,3556
jQuery-File-Upload,2013,9,10887,11301,5008
foundation-sites,2013,9,11005,11289,5202
bootstrap,2013,10,37203,37431,950
jquery,2013,10,19611,20683,114
node-v0.x-archive,2013,10,20049,20621,5229
html5-boilerplate,2013,10,18939,19318,5254
d3,2013,10,16724,17444,8678
rails,2013,10,16661,16887,131
impress.js,2013,10,15516,15983,6607
Font-Awesome,2013,10,14896,15939,2409
backbone,2013,10,13127,13402,2748
angular.js,2013,10,12152,13127,7434
chosen,2013,10,11838,12078,9363
legacy-homebrew,2013,10,11532,11905,2280
jQuery-File-Upload,2013,10,11301,11712,5008
three.js,2013,10,11411,11676,3556
foundation-sites,2013,10,11289,11588,5202
bootstrap,2013,11,37431,37707,950
jquery,2013,11,20683,21624,114
node-v0.x-archive,2013,11,20621,21118,5229
html5-boilerplate,2013,11,19318,19648,5254
d3,2013,11,17444,18098,8678
rails,2013,11,16887,17141,131
Font-Awesome,2013,11,15939,16651,2409
impress.js,2013,11,15983,16266,6607
angular.js,2013,11,13127,14222,7434
backbone,2013,11,13402,13660,2748
foundation-sites,2013,11,11588,12386,5202
chosen,2013,11,12078,12323,9363
legacy-homebrew,2013,11,11905,12276,2280
jQuery-File-Upload,2013,11,11712,12097,5008
three.js,2013,11,11676,11981,3556
bootstrap,2013,12,37707,38037,950
jquery,2013,12,21624,22432,114
node-v0.x-archive,2013,12,21118,21651,5229
html5-boilerplate,2013,12,19648,20064,5254
d3,2013,12,18098,18876,8678
rails,2013,12,17141,17393,131
Font-Awesome,2013,12,16651,17219,2409
impress.js,2013,12,16266,16589,6607
angular.js,2013,12,14222,15179,7434
backbone,2013,12,13660,13942,2748
free-programming-books,2013,12,11526,13199,527
foundation-sites,2013,12,12386,12795,5202
legacy-homebrew,2013,12,12276,12622,2280
chosen,2013,12,12323,12580,9363
jQuery-File-Upload,2013,12,12097,12475,5008
bootstrap,2014,1,38037,38384,950
jquery,2014,1,22432,23356,114
node-v0.x-archive,2014,1,21651,22217,5229
html5-boilerplate,2014,1,20064,20455,5254
d3,2014,1,18876,19732,8678
Font-Awesome,2014,1,17219,17804,2409
rails,2014,1,17393,17641,131
impress.js,2014,1,16589,16906,6607
angular.js,2014,1,15179,16184,7434
free-programming-books,2014,1,13199,15785,527
backbone,2014,1,13942,14224,2748
foundation-sites,2014,1,12795,13199,5202
legacy-homebrew,2014,1,12622,12997,2280
jQuery-File-Upload,2014,1,12475,12861,5008
chosen,2014,1,12580,12832,9363
bootstrap,2014,2,38384,38656,950
jquery,2014,2,23356,24239,114
node-v0.x-archive,2014,2,22217,22765,5229
html5-boilerplate,2014,2,20455,20784,5254
d3,2014,2,19732,20458,8678
Font-Awesome,2014,2,17804,18353,2409
rails,2014,2,17641,17919,131
free-programming-books,2014,2,15785,17543,527
angular.js,2014,2,16184,17302,7434
impress.js,2014,2,16906,17170,6607
backbone,2014,2,14224,14502,2748
foundation-sites,2014,2,13199,13540,5202
legacy-homebrew,2014,2,12997,13347,2280
jQuery-File-Upload,2014,2,12861,13205,5008
chosen,2014,2,12832,13053,9363
bootstrap,2014,3,38656,38952,950
jquery,2014,3,24239,24878,114
node-v0.x-archive,2014,3,22765,23413,5229
d3,2014,3,20458,21452,8678
html5-boilerplate,2014,3,20784,21232,5254
Font-Awesome,2014,3,18353,18978,2409
angular.js,2014,3,17302,18361,7434
free-programming-books,2014,3,17543,18357,527
rails,2014,3,17919,18255,131
impress.js,2014,3,17170,17547,6607
backbone,2014,3,14502,14820,2748
foundation-sites,2014,3,13540,13916,5202
gitignore,2014,3,13027,13815,4875
legacy-homebrew,2014,3,13347,13785,2280
jQuery-File-Upload,2014,3,13205,13580,5008
bootstrap,2014,4,38952,39274,950
jquery,2014,4,24878,25153,114
node-v0.x-archive,2014,4,23413,23997,5229
d3,2014,4,21452,22610,8678
free-programming-books,2014,4,18357,22124,527
html5-boilerplate,2014,4,21232,21648,5254
Font-Awesome,2014,4,18978,19861,2409
angular.js,2014,4,18361,19208,7434
rails,2014,4,18255,18636,131
impress.js,2014,4,17547,17880,6607
backbone,2014,4,14820,15119,2748
gitignore,2014,4,13815,14342,4875
foundation-sites,2014,4,13916,14240,5202
legacy-homebrew,2014,4,13785,14229,2280
moment,2014,4,13392,14118,9034
bootstrap,2014,5,39274,39539,950
jquery,2014,5,25153,25448,114
node-v0.x-archive,2014,5,23997,24587,5229
d3,2014,5,22610,23539,8678
free-programming-books,2014,5,22124,23099,527
html5-boilerplate,2014,5,21648,22028,5254
Font-Awesome,2014,5,19861,20922,2409
angular.js,2014,5,19208,20252,7434
rails,2014,5,18636,18950,131
impress.js,2014,5,17880,18236,6607
backbone,2014,5,15119,15432,2748
gitignore,2014,5,14342,14875,4875
moment,2014,5,14118,14785,9034
legacy-homebrew,2014,5,14229,14585,2280
ohmyzsh,2014,5,13942,14542,3504
bootstrap,2014,6,39539,39775,950
jquery,2014,6,25448,25743,114
node-v0.x-archive,2014,6,24587,25101,5229
d3,2014,6,23539,24585,8678
free-programming-books,2014,6,23099,23673,527
html5-boilerplate,2014,6,22028,22354,5254
Font-Awesome,2014,6,20922,21625,2409
angular.js,2014,6,20252,21182,7434
rails,2014,6,18950,19236,131
impress.js,2014,6,18236,18560,6607
backbone,2014,6,15432,15719,2748
gitignore,2014,6,14875,15388,4875
moment,2014,6,14785,15333,9034
ohmyzsh,2014,6,14542,15008,3504
legacy-homebrew,2014,6,14585,14955,2280
bootstrap,2014,7,39775,40040,950
jquery,2014,7,25743,26056,114
node-v0.x-archive,2014,7,25101,25602,5229
d3,2014,7,24585,25489,8678
free-programming-books,2014,7,23673,24263,527
html5-boilerplate,2014,7,22354,22711,5254
Font-Awesome,2014,7,21625,22424,2409
angular.js,2014,7,21182,22161,7434
rails,2014,7,19236,19569,131
impress.js,2014,7,18560,18840,6607
backbone,2014,7,15719,15966,2748
gitignore,2014,7,15388,15966,4875
moment,2014,7,15333,15692,9034
ohmyzsh,2014,7,15008,15575,3504
legacy-homebrew,2014,7,14955,15349,2280
bootstrap,2014,8,40040,40352,950
jquery,2014,8,26056,26365,114
d3,2014,8,25489,26354,8678
node-v0.x-archive,2014,8,25602,26042,5229
free-programming-books,2014,8,24263,25377,527
angular.js,2014,8,22161,23287,7434
Font-Awesome,2014,8,22424,23157,2409
html5-boilerplate,2014,8,22711,23056,5254
rails,2014,8,19569,19950,131
impress.js,2014,8,18840,19196,6607
gitignore,2014,8,15966,16482,4875
backbone,2014,8,15966,16259,2748
ohmyzsh,2014,8,15575,16097,3504
moment,2014,8,15692,16028,9034
meteor,2014,8,15169,15739,6411
bootstrap,2014,9,40352,40653,950
d3,2014,9,26354,27236,8678
jquery,2014,9,26365,26713,114
node-v0.x-archive,2014,9,26042,26618,5229
free-programming-books,2014,9,25377,26164,527
angular.js,2014,9,23287,24448,7434
Font-Awesome,2014,9,23157,23896,2409
html5-boilerplate,2014,9,23056,23433,5254
rails,2014,9,19950,20284,131
impress.js,2014,9,19196,19629,6607
gitignore,2014,9,16482,16982,4875
ohmyzsh,2014,9,16097,16618,3504
backbone,2014,9,16259,16505,2748
moment,2014,9,16028,16337,9034
meteor,2014,9,15739,16258,6411
bootstrap,2014,10,40653,40976,950
d3,2014,10,27236,28128,8678
free-programming-books,2014,10,26164,27284,527
node-v0.x-archive,2014,10,26618,27148,5229
jquery,2014,10,26713,27118,114
angular.js,2014,10,24448,25854,7434
Font-Awesome,2014,10,23896,24675,2409
html5-boilerplate,2014,10,23433,23794,5254
rails,2014,10,20284,20607,131
impress.js,2014,10,19629,19980,6607
gitignore,2014,10,16982,17597,4875
ohmyzsh,2014,10,16618,17233,3504
meteor,2014,10,16258,17223,6411
backbone,2014,10,16505,16786,2748
moment,2014,10,16337,16664,9034
bootstrap,2014,11,40976,41272,950
d3,2014,11,28128,28951,8678
free-programming-books,2014,11,27284,27987,527
node-v0.x-archive,2014,11,27148,27620,5229
jquery,2014,11,27118,27497,114
angular.js,2014,11,25854,26979,7434
Font-Awesome,2014,11,24675,25354,2409
html5-boilerplate,2014,11,23794,24143,5254
rails,2014,11,20607,21036,131
impress.js,2014,11,19980,20277,6607
gitignore,2014,11,17597,18236,4875
meteor,2014,11,17223,18125,6411
ohmyzsh,2014,11,17233,17939,3504
backbone,2014,11,16786,17110,2748
legacy-homebrew,2014,11,16623,17051,2280
bootstrap,2014,12,41272,41572,950
d3,2014,12,28951,29914,8678
free-programming-books,2014,12,27987,29334,527
node-v0.x-archive,2014,12,27620,28162,5229
angular.js,2014,12,26979,28153,7434
jquery,2014,12,27497,27835,114
Font-Awesome,2014,12,25354,26056,2409
html5-boilerplate,2014,12,24143,24473,5254
rails,2014,12,21036,21357,131
impress.js,2014,12,20277,20553,6607
gitignore,2014,12,18236,18790,4875
meteor,2014,12,18125,18716,6411
ohmyzsh,2014,12,17939,18509,3504
backbone,2014,12,17110,17449,2748
legacy-homebrew,2014,12,17051,17439,2280
bootstrap,2015,1,41572,41875,950
d3,2015,1,29914,30860,8678
free-programming-books,2015,1,29334,30248,527
angular.js,2015,1,28153,29219,7434
node-v0.x-archive,2015,1,28162,28636,5229
jquery,2015,1,27835,28146,114
Font-Awesome,2015,1,26056,26880,2409
html5-boilerplate,2015,1,24473,24827,5254
rails,2015,1,21357,21703,131
impress.js,2015,1,20553,20852,6607
gitignore,2015,1,18790,19972,4875
meteor,2015,1,18716,19342,6411
ohmyzsh,2015,1,18509,19093,3504
legacy-homebrew,2015,1,17439,17868,2280
backbone,2015,1,17449,17808,2748
bootstrap,2015,2,41875,42137,950
free-programming-books,2015,2,30248,33275,527
d3,2015,2,30860,31781,8678
angular.js,2015,2,29219,30115,7434
node-v0.x-archive,2015,2,28636,29070,5229
jquery,2015,2,28146,28450,114
Font-Awesome,2015,2,26880,27523,2409
html5-boilerplate,2015,2,24827,25497,5254
rails,2015,2,21703,22045,131
impress.js,2015,2,20852,21143,6607
gitignore,2015,2,19972,20653,4875
meteor,2015,2,19342,19868,6411
ohmyzsh,2015,2,19093,19684,3504
legacy-homebrew,2015,2,17868,18214,2280
backbone,2015,2,17808,18142,2748
bootstrap,2015,3,42137,42455,950
free-programming-books,2015,3,33275,34157,527
d3,2015,3,31781,32854,8678
angular.js,2015,3,30115,31217,7434
node-v0.x-archive,2015,3,29070,29573,5229
jquery,2015,3,28450,28876,114
Font-Awesome,2015,3,27523,28372,2409
html5-boilerplate,2015,3,25497,25907,5254
rails,2015,3,22045,22427,131
impress.js,2015,3,21143,21501,6607
gitignore,2015,3,20653,21404,4875
meteor,2015,3,19868,20775,6411
ohmyzsh,2015,3,19684,20441,3504
animate.css,2015,3,17992,18885,6125
legacy-homebrew,2015,3,18214,18678,2280
bootstrap,2015,4,42455,42796,950
free-programming-books,2015,4,34157,34991,527
d3,2015,4,32854,33837,8678
angular.js,2015,4,31217,32288,7434
node-v0.x-archive,2015,4,29573,30055,5229
jquery,2015,4,28876,29244,114
Font-Awesome,2015,4,28372,29194,2409
html5-boilerplate,2015,4,25907,26293,5254
rails,2015,4,22427,22840,131
gitignore,2015,4,21404,22173,4875
impress.js,2015,4,21501,21871,6607
meteor,2015,4,20775,21494,6411
ohmyzsh,2015,4,20441,21311,3504
animate.css,2015,4,18885,19668,6125
nw.js,2015,4,18636,19252,9310
bootstrap,2015,5,42796,43091,950
free-programming-books,2015,5,34991,36254,527
d3,2015,5,33837,34827,8678
angular.js,2015,5,32288,33279,7434
node-v0.x-archive,2015,5,30055,30528,5229
Font-Awesome,2015,5,29194,29920,2409
jquery,2015,5,29244,29637,114
html5-boilerplate,2015,5,26293,26621,5254
rails,2015,5,22840,23237,131
gitignore,2015,5,22173,22886,4875
meteor,2015,5,21494,22189,6411
impress.js,2015,5,21871,22188,6607
ohmyzsh,2015,5,21311,22177,3504
animate.css,2015,5,19668,20434,6125
react,2015,5,18699,20074,9387
bootstrap,2015,6,43091,43384,950
free-programming-books,2015,6,36254,37061,527
d3,2015,6,34827,35750,8678
angular.js,2015,6,33279,34302,7434
node-v0.x-archive,2015,6,30528,31020,5229
Font-Awesome,2015,6,29920,30574,2409
jquery,2015,6,29637,30014,114
html5-boilerplate,2015,6,26621,26957,5254
rails,2015,6,23237,23628,131
gitignore,2015,6,22886,23543,4875
ohmyzsh,2015,6,22177,22978,3504
meteor,2015,6,22189,22772,6411
impress.js,2015,6,22188,22549,6607
react,2015,6,20074,21314,9387
animate.css,2015,6,20434,21167,6125
bootstrap,2015,7,43384,43690,950
free-programming-books,2015,7,37061,37786,527
d3,2015,7,35750,36695,8678
angular.js,2015,7,34302,35189,7434
node-v0.x-archive,2015,7,31020,31487,5229
Font-Awesome,2015,7,30574,31407,2409
jquery,2015,7,30014,30427,114
html5-boilerplate,2015,7,26957,27303,5254
gitignore,2015,7,23543,24357,4875
rails,2015,7,23628,23986,131
ohmyzsh,2015,7,22978,23900,3504
meteor,2015,7,22772,23487,6411
impress.js,2015,7,22549,22868,6607
react,2015,7,21314,22690,9387
animate.css,2015,7,21167,21883,6125
bootstrap,2015,8,43690,43981,950
free-programming-books,2015,8,37786,38546,527
d3,2015,8,36695,37586,8678
angular.js,2015,8,35189,36072,7434
Font-Awesome,2015,8,31407,32158,2409
node-v0.x-archive,2015,8,31487,31973,5229
jquery,2015,8,30427,30817,114
html5-boilerplate,2015,8,27303,27673,5254
gitignore,2015,8,24357,25123,4875
ohmyzsh,2015,8,23900,24896,3504
meteor,2015,8,23487,24441,6411
rails,2015,8,23986,24423,131
react,2015,8,22690,23934,9387
impress.js,2015,8,22868,23116,6607
animate.css,2015,8,21883,22606,6125
bootstrap,2015,9,43981,44284,950
free-programming-books,2015,9,38546,39398,527
d3,2015,9,37586,38433,8678
angular.js,2015,9,36072,36868,7434
Font-Awesome,2015,9,32158,32877,2409
node-v0.x-archive,2015,9,31973,32145,5229
jquery,2015,9,30817,31198,114
html5-boilerplate,2015,9,27673,28006,5254
gitignore,2015,9,25123,25969,4875
ohmyzsh,2015,9,24896,25830,3504
react,2015,9,23934,25412,9387
meteor,2015,9,24441,25170,6411
rails,2015,9,24423,24762,131
animate.css,2015,9,22606,23360,6125
impress.js,2015,9,23116,23360,6607
bootstrap,2015,10,44284,44568,950
free-programming-books,2015,10,39398,40397,527
d3,2015,10,38433,39345,8678
angular.js,2015,10,36868,37737,7434
Font-Awesome,2015,10,32877,33550,2409
node-v0.x-archive,2015,10,32145,32268,5229
jquery,2015,10,31198,31601,114
html5-boilerplate,2015,10,28006,28365,5254
react,2015,10,25412,27006,9387
ohmyzsh,2015,10,25830,26919,3504
gitignore,2015,10,25969,26843,4875
meteor,2015,10,25170,25917,6411
rails,2015,10,24762,25156,131
freeCodeCamp,2015,10,18005,24336,1648
animate.css,2015,10,23360,24117,6125
bootstrap,2015,11,44568,44839,950
free-programming-books,2015,11,40397,42237,527
d3,2015,11,39345,40338,8678
angular.js,2015,11,37737,38623,7434
Font-Awesome,2015,11,33550,34202,2409
freeCodeCamp,2015,11,24336,33397,1648
node-v0.x-archive,2015,11,32268,32399,5229
jquery,2015,11,31601,32046,114
html5-boilerplate,2015,11,28365,28667,5254
react,2015,11,27006,28538,9387
ohmyzsh,2015,11,26919,27959,3504
gitignore,2015,11,26843,27703,4875
meteor,2015,11,25917,26624,6411
rails,2015,11,25156,25490,131
animate.css,2015,11,24117,24824,6125
bootstrap,2015,12,44839,45091,950
freeCodeCamp,2015,12,33397,43737,1648
free-programming-books,2015,12,42237,43663,527
d3,2015,12,40338,41291,8678
angular.js,2015,12,38623,39492,7434
Font-Awesome,2015,12,34202,34932,2409
node-v0.x-archive,2015,12,32399,32510,5229
jquery,2015,12,32046,32461,114
react,2015,12,28538,30080,9387
html5-boilerplate,2015,12,28667,29033,5254
ohmyzsh,2015,12,27959,28970,3504
gitignore,2015,12,27703,28564,4875
meteor,2015,12,26624,27393,6411
rails,2015,12,25490,25883,131
animate.css,2015,12,24824,25701,6125
freeCodeCamp,2016,1,43737,57551,1648
free-programming-books,2016,1,43663,45931,527
bootstrap,2016,1,45091,45372,950
d3,2016,1,41291,42270,8678
angular.js,2016,1,39492,40440,7434
Font-Awesome,2016,1,34932,35695,2409
jquery,2016,1,32461,32971,114
node-v0.x-archive,2016,1,32510,32641,5229
react,2016,1,30080,31709,9387
ohmyzsh,2016,1,28970,30060,3504
gitignore,2016,1,28564,29490,4875
html5-boilerplate,2016,1,29033,29488,5254
meteor,2016,1,27393,28122,6411
animate.css,2016,1,25701,26566,6125
javascript,2016,1,25251,26470,7588
freeCodeCamp,2016,2,57551,73067,1648
free-programming-books,2016,2,45931,47102,527
bootstrap,2016,2,45372,45607,950
d3,2016,2,42270,43258,8678
angular.js,2016,2,40440,41255,7434
Font-Awesome,2016,2,35695,36464,2409
jquery,2016,2,32971,33379,114
react,2016,2,31709,33106,9387
node-v0.x-archive,2016,2,32641,32722,5229
ohmyzsh,2016,2,30060,31056,3504
gitignore,2016,2,29490,30520,4875
html5-boilerplate,2016,2,29488,29825,5254
meteor,2016,2,28122,28790,6411
awesome,2016,2,25781,27985,6688
javascript,2016,2,26470,27527,7588
freeCodeCamp,2016,3,73067,86427,1648
free-programming-books,2016,3,47102,48442,527
bootstrap,2016,3,45607,45883,950
d3,2016,3,43258,44410,8678
angular.js,2016,3,41255,42058,7434
Font-Awesome,2016,3,36464,37327,2409
react,2016,3,33106,35089,9387
jquery,2016,3,33379,33904,114
node-v0.x-archive,2016,3,32722,32855,5229
ohmyzsh,2016,3,31056,32545,3504
gitignore,2016,3,30520,32143,4875
html5-boilerplate,2016,3,29825,30245,5254
awesome,2016,3,27985,30014,6688
javascript,2016,3,27527,29618,7588
meteor,2016,3,28790,29423,6411
freeCodeCamp,2016,4,86427,99653,1648
free-programming-books,2016,4,48442,49786,527
bootstrap,2016,4,45883,46137,950
d3,2016,4,44410,45556,8678
angular.js,2016,4,42058,42736,7434
Font-Awesome,2016,4,37327,38085,2409
react,2016,4,35089,36887,9387
jquery,2016,4,33904,34361,114
ohmyzsh,2016,4,32545,33606,3504
gitignore,2016,4,32143,33265,4875
node-v0.x-archive,2016,4,32855,32913,5229
awesome,2016,4,30014,31469,6688
javascript,2016,4,29618,31227,7588
html5-boilerplate,2016,4,30245,30594,5254
meteor,2016,4,29423,30022,6411
freeCodeCamp,2016,5,99653,114438,1648
free-programming-books,2016,5,49786,50930,527
d3,2016,5,45556,46610,8678
bootstrap,2016,5,46137,46380,950
angular.js,2016,5,42736,43441,7434
Font-Awesome,2016,5,38085,38846,2409
react,2016,5,36887,38350,9387
jquery,2016,5,34361,34809,114
ohmyzsh,2016,5,33606,34723,3504
gitignore,2016,5,33265,34437,4875
node-v0.x-archive,2016,5,32913,32967,5229
awesome,2016,5,31469,32938,6688
javascript,2016,5,31227,32464,7588
html5-boilerplate,2016,5,30594,30962,5254
meteor,2016,5,30022,30449,6411
freeCodeCamp,2016,6,114438,131233,1648
free-programming-books,2016,6,50930,52028,527
d3,2016,6,46610,48091,8678
bootstrap,2016,6,46380,46587,950
angular.js,2016,6,43441,44145,7434
react,2016,6,38350,39824,9387
Font-Awesome,2016,6,38846,39441,2409
ohmyzsh,2016,6,34723,35742,3504
gitignore,2016,6,34437,35380,4875
jquery,2016,6,34809,35352,114
awesome,2016,6,32938,34372,6688
javascript,2016,6,32464,33680,7588
node-v0.x-archive,2016,6,32967,33013,5229
You-Dont-Know-JS,2016,6,28771,32631,691
html5-boilerplate,2016,6,30962,31282,5254
freeCodeCamp,2016,7,131233,139515,1648
free-programming-books,2016,7,52028,57046,527
d3,2016,7,48091,49209,8678
bootstrap,2016,7,46587,46797,950
angular.js,2016,7,44145,44864,7434
react,2016,7,39824,41650,9387
Font-Awesome,2016,7,39441,40025,2409
ohmyzsh,2016,7,35742,37268,3504
gitignore,2016,7,35380,36382,4875
awesome,2016,7,34372,36130,6688
jquery,2016,7,35352,35891,114
javascript,2016,7,33680,35094,7588
You-Dont-Know-JS,2016,7,32631,34930,691
node-v0.x-archive,2016,7,33013,33062,5229
react-native,2016,7,31035,32357,4605
freeCodeCamp,2016,8,139515,147612,1648
free-programming-books,2016,8,57046,60008,527
d3,2016,8,49209,50282,8678
bootstrap,2016,8,46797,46987,950
angular.js,2016,8,44864,45573,7434
react,2016,8,41650,43338,9387
Font-Awesome,2016,8,40025,40692,2409
ohmyzsh,2016,8,37268,38720,3504
awesome,2016,8,36130,38198,6688
gitignore,2016,8,36382,37467,4875
You-Dont-Know-JS,2016,8,34930,36889,691
javascript,2016,8,35094,36545,7588
jquery,2016,8,35891,36373,114
react-native,2016,8,32357,33608,4605
node-v0.x-archive,2016,8,33062,33108,5229
freeCodeCamp,2016,9,147612,156664,1648
free-programming-books,2016,9,60008,61847,527
d3,2016,9,50282,51327,8678
bootstrap,2016,9,46987,47144,950
angular.js,2016,9,45573,46355,7434
react,2016,9,43338,45605,9387
Font-Awesome,2016,9,40692,41541,2409
awesome,2016,9,38198,40229,6688
ohmyzsh,2016,9,38720,39918,3504
You-Dont-Know-JS,2016,9,36889,38959,691
gitignore,2016,9,37467,38656,4875
javascript,2016,9,36545,37888,7588
jquery,2016,9,36373,36850,114
react-native,2016,9,33608,34925,4605
node-v0.x-archive,2016,9,33108,33169,5229
freeCodeCamp,2016,10,156664,167298,1648
free-programming-books,2016,10,61847,63653,527
d3,2016,10,51327,52309,8678
react,2016,10,45605,47611,9387
bootstrap,2016,10,47144,47296,950
angular.js,2016,10,46355,46954,7434
Font-Awesome,2016,10,41541,42303,2409
awesome,2016,10,40229,42014,6688
ohmyzsh,2016,10,39918,41215,3504
You-Dont-Know-JS,2016,10,38959,40554,691
gitignore,2016,10,38656,39753,4875
javascript,2016,10,37888,39051,7588
jquery,2016,10,36850,37351,114
react-native,2016,10,34925,36264,4605
electron,2016,10,32755,33889,7778
freeCodeCamp,2016,11,167298,178852,1648
free-programming-books,2016,11,63653,65687,527
d3,2016,11,52309,53395,8678
react,2016,11,47611,49511,9387
angular.js,2016,11,46954,47591,7434
bootstrap,2016,11,47296,47467,950
awesome,2016,11,42014,43555,6688
Font-Awesome,2016,11,42303,43008,2409
ohmyzsh,2016,11,41215,42542,3504
You-Dont-Know-JS,2016,11,40554,42361,691
gitignore,2016,11,39753,40863,4875
javascript,2016,11,39051,40241,7588
jquery,2016,11,37351,37791,114
react-native,2016,11,36264,37549,4605
electron,2016,11,33889,35053,7778
freeCodeCamp,2016,12,178852,190578,1648
free-programming-books,2016,12,65687,68245,527
d3,2016,12,53395,54510,8678
react,2016,12,49511,51241,9387
angular.js,2016,12,47591,48169,7434
bootstrap,2016,12,47467,47620,950
awesome,2016,12,43555,45309,6688
You-Dont-Know-JS,2016,12,42361,44170,691
ohmyzsh,2016,12,42542,43814,3504
Font-Awesome,2016,12,43008,43728,2409
gitignore,2016,12,40863,41855,4875
javascript,2016,12,40241,41388,7588
react-native,2016,12,37549,38680,4605
jquery,2016,12,37791,38224,114
tensorflow,2016,12,34562,37360,5672
freeCodeCamp,2017,1,190578,202939,1648
free-programming-books,2017,1,68245,71037,527
d3,2017,1,54510,55614,8678
react,2017,1,51241,53074,9387
angular.js,2017,1,48169,48662,7434
bootstrap,2017,1,47620,47739,950
awesome,2017,1,45309,47421,6688
You-Dont-Know-JS,2017,1,44170,46494,691
ohmyzsh,2017,1,43814,45021,3504
Font-Awesome,2017,1,43728,44325,2409
gitignore,2017,1,41855,42872,4875
javascript,2017,1,41388,42681,7588
tensorflow,2017,1,37360,40015,5672
react-native,2017,1,38680,39777,4605
jquery,2017,1,38224,38618,114
freeCodeCamp,2017,2,202939,213889,1648
free-programming-books,2017,2,71037,72809,527
d3,2017,2,55614,56729,8678
react,2017,2,53074,54987,9387
awesome,2017,2,47421,49627,6688
angular.js,2017,2,48662,49152,7434
You-Dont-Know-JS,2017,2,46494,48254,691
bootstrap,2017,2,47739,47847,950
ohmyzsh,2017,2,45021,46289,3504
Font-Awesome,2017,2,44325,44976,2409
javascript,2017,2,42681,44367,7588
gitignore,2017,2,42872,43993,4875
tensorflow,2017,2,40015,43918,5672
react-native,2017,2,39777,41029,4605
vue,2017,2,36922,40115,7955
freeCodeCamp,2017,3,213889,225838,1648
free-programming-books,2017,3,72809,75980,527
d3,2017,3,56729,58301,8678
react,2017,3,54987,57340,9387
awesome,2017,3,49627,51764,6688
You-Dont-Know-JS,2017,3,48254,51033,691
angular.js,2017,3,49152,49645,7434
bootstrap,2017,3,47847,48015,950
ohmyzsh,2017,3,46289,48000,3504
tensorflow,2017,3,43918,47569,5672
javascript,2017,3,44367,45933,7588
Font-Awesome,2017,3,44976,45676,2409
gitignore,2017,3,43993,45358,4875
vue,2017,3,40115,43711,7955
react-native,2017,3,41029,42636,4605
freeCodeCamp,2017,4,225838,238075,1648
free-programming-books,2017,4,75980,78177,527
d3,2017,4,58301,59498,8678
react,2017,4,57340,59437,9387
awesome,2017,4,51764,53506,6688
You-Dont-Know-JS,2017,4,51033,53449,691
tensorflow,2017,4,47569,50353,5672
angular.js,2017,4,49645,50015,7434
ohmyzsh,2017,4,48000,49376,3504
bootstrap,2017,4,48015,48134,950
javascript,2017,4,45933,47345,7588
vue,2017,4,43711,46603,7955
gitignore,2017,4,45358,46526,4875
Font-Awesome,2017,4,45676,46291,2409
react-native,2017,4,42636,43896,4605
freeCodeCamp,2017,5,238075,251975,1648
free-programming-books,2017,5,78177,79748,527
react,2017,5,59437,61530,9387
d3,2017,5,59498,60575,8678
You-Dont-Know-JS,2017,5,53449,55745,691
awesome,2017,5,53506,55102,6688
tensorflow,2017,5,50353,53529,5672
ohmyzsh,2017,5,49376,50640,3504
angular.js,2017,5,50015,50453,7434
vue,2017,5,46603,49561,7955
javascript,2017,5,47345,48800,7588
bootstrap,2017,5,48134,48253,950
gitignore,2017,5,46526,47703,4875
Font-Awesome,2017,5,46291,46863,2409
react-native,2017,5,43896,45135,4605
freeCodeCamp,2017,6,251975,263263,1648
free-programming-books,2017,6,79748,81931,527
react,2017,6,61530,63644,9387
d3,2017,6,60575,61488,8678
You-Dont-Know-JS,2017,6,55745,57943,691
awesome,2017,6,55102,56860,6688
tensorflow,2017,6,53529,56445,5672
vue,2017,6,49561,52480,7955
ohmyzsh,2017,6,50640,51897,3504
angular.js,2017,6,50453,50876,7434
javascript,2017,6,48800,50260,7588
gitignore,2017,6,47703,48690,4875
bootstrap,2017,6,48253,48357,950
Font-Awesome,2017,6,46863,47454,2409
react-native,2017,6,45135,46403,4605
freeCodeCamp,2017,7,263263,264193,1648
free-programming-books,2017,7,81931,83541,527
react,2017,7,63644,66033,9387
d3,2017,7,61488,62513,8678
You-Dont-Know-JS,2017,7,57943,60007,691
tensorflow,2017,7,56445,59273,5672
awesome,2017,7,56860,58505,6688
vue,2017,7,52480,55778,7955
ohmyzsh,2017,7,51897,53266,3504
javascript,2017,7,50260,52065,7588
angular.js,2017,7,50876,51275,7434
gitignore,2017,7,48690,49868,4875
bootstrap,2017,7,48357,48458,950
Font-Awesome,2017,7,47454,48092,2409
react-native,2017,7,46403,47705,4605
freeCodeCamp,2017,8,264193,265134,1648
free-programming-books,2017,8,83541,85946,527
react,2017,8,66033,68183,9387
d3,2017,8,62513,63550,8678
tensorflow,2017,8,59273,62227,5672
You-Dont-Know-JS,2017,8,60007,61939,691
awesome,2017,8,58505,60362,6688
vue,2017,8,55778,58922,7955
ohmyzsh,2017,8,53266,54736,3504
javascript,2017,8,52065,53503,7588
angular.js,2017,8,51275,51677,7434
gitignore,2017,8,49868,50980,4875
react-native,2017,8,47705,48957,4605
Font-Awesome,2017,8,48092,48661,2409
bootstrap,2017,8,48458,48553,950
freeCodeCamp,2017,9,265134,265853,1648
free-programming-books,2017,9,85946,88488,527
react,2017,9,68183,70698,9387
tensorflow,2017,9,62227,64970,5672
d3,2017,9,63550,64539,8678
You-Dont-Know-JS,2017,9,61939,63559,691
vue,2017,9,58922,62321,7955
awesome,2017,9,60362,62091,6688
ohmyzsh,2017,9,54736,55986,3504
javascript,2017,9,53503,54659,7588
gitignore,2017,9,50980,52052,4875
angular.js,2017,9,51677,52045,7434
react-native,2017,9,48957,50118,4605
Font-Awesome,2017,9,48661,49153,2409
bootstrap,2017,9,48553,48624,950
freeCodeCamp,2017,10,265853,266788,1648
free-programming-books,2017,10,88488,90311,527
react,2017,10,70698,73380,9387
tensorflow,2017,10,64970,68557,5672
vue,2017,10,62321,65553,7955
d3,2017,10,64539,65430,8678
You-Dont-Know-JS,2017,10,63559,65006,691
awesome,2017,10,62091,64040,6688
ohmyzsh,2017,10,55986,57343,3504
javascript,2017,10,54659,56045,7588
gitignore,2017,10,52052,53593,4875
angular.js,2017,10,52045,52359,7434
react-native,2017,10,50118,51348,4605
Font-Awesome,2017,10,49153,49635,2409
bootstrap,2017,10,48624,48681,950
freeCodeCamp,2017,11,266788,267599,1648
free-programming-books,2017,11,90311,91598,527
react,2017,11,73380,75773,9387
tensorflow,2017,11,68557,72917,5672
vue,2017,11,65553,68487,7955
awesome,2017,11,64040,67810,6688
You-Dont-Know-JS,2017,11,65006,66625,691
d3,2017,11,65430,66369,8678
ohmyzsh,2017,11,57343,58790,3504
javascript,2017,11,56045,58106,7588
gitignore,2017,11,53593,54964,4875
react-native,2017,11,51348,52666,4605
angular.js,2017,11,52359,52659,7434
Font-Awesome,2017,11,49635,50112,2409
electron,2017,11,48082,49287,7778
freeCodeCamp,2017,12,267599,268317,1648
free-programming-books,2017,12,91598,92828,527
react,2017,12,75773,77884,9387
tensorflow,2017,12,72917,76840,5672
vue,2017,12,68487,71222,7955
awesome,2017,12,67810,69810,6688
You-Dont-Know-JS,2017,12,66625,68173,691
d3,2017,12,66369,67197,8678
ohmyzsh,2017,12,58790,60052,3504
javascript,2017,12,58106,59258,7588
gitignore,2017,12,54964,56199,4875
react-native,2017,12,52666,53886,4605
angular.js,2017,12,52659,52905,7434
coding-interview-university,2017,12,45707,50894,9590
Font-Awesome,2017,12,50112,50709,2409
freeCodeCamp,2018,1,268317,269134,1648
free-programming-books,2018,1,92828,94474,527
react,2018,1,77884,80469,9387
tensorflow,2018,1,76840,80328,5672
vue,2018,1,71222,74964,7955
awesome,2018,1,69810,72404,6688
You-Dont-Know-JS,2018,1,68173,70230,691
d3,2018,1,67197,68153,8678
ohmyzsh,2018,1,60052,61479,3504
javascript,2018,1,59258,61116,7588
gitignore,2018,1,56199,57628,4875
react-native,2018,1,53886,55200,4605
angular.js,2018,1,52905,53213,7434
coding-interview-university,2018,1,50894,52488,9590
electron,2018,1,50443,51818,7778
freeCodeCamp,2018,2,269134,269896,1648
free-programming-books,2018,2,94474,95711,527
tensorflow,2018,2,80328,83191,5672
react,2018,2,80469,82508,9387
vue,2018,2,74964,77736,7955
awesome,2018,2,72404,74177,6688
You-Dont-Know-JS,2018,2,70230,71973,691
d3,2018,2,68153,68930,8678
ohmyzsh,2018,2,61479,62683,3504
javascript,2018,2,61116,62592,7588
gitignore,2018,2,57628,58826,4875
react-native,2018,2,55200,56443,4605
coding-interview-university,2018,2,52488,53901,9590
angular.js,2018,2,53213,53470,7434
electron,2018,2,51818,52921,7778
freeCodeCamp,2018,3,269896,270776,1648
free-programming-books,2018,3,95711,97113,527
tensorflow,2018,3,83191,86960,5672
react,2018,3,82508,85298,9387
vue,2018,3,77736,81538,7955
awesome,2018,3,74177,76910,6688
You-Dont-Know-JS,2018,3,71973,73918,691
d3,2018,3,68930,70373,8678
ohmyzsh,2018,3,62683,64187,3504
javascript,2018,3,62592,64173,7588
gitignore,2018,3,58826,60364,4875
react-native,2018,3,56443,57937,4605
coding-interview-university,2018,3,53901,55262,9590
electron,2018,3,52921,54212,7778
angular.js,2018,3,53470,53715,7434
freeCodeCamp,2018,4,270776,271625,1648
free-programming-books,2018,4,97113,98466,527
tensorflow,2018,4,86960,90294,5672
react,2018,4,85298,87767,9387
vue,2018,4,81538,85036,7955
awesome,2018,4,76910,78979,6688
You-Dont-Know-JS,2018,4,73918,76229,691
d3,2018,4,70373,71401,8678
ohmyzsh,2018,4,64187,65798,3504
javascript,2018,4,64173,65677,7588
gitignore,2018,4,60364,62805,4875
react-native,2018,4,57937,59173,4605
coding-interview-university,2018,4,55262,57469,9590
electron,2018,4,54212,55262,7778
angular.js,2018,4,53715,54009,7434
freeCodeCamp,2018,5,271625,272379,1648
free-programming-books,2018,5,98466,99856,527
tensorflow,2018,5,90294,93581,5672
react,2018,5,87767,90171,9387
vue,2018,5,85036,88312,7955
awesome,2018,5,78979,80941,6688
You-Dont-Know-JS,2018,5,76229,77971,691
d3,2018,5,71401,72304,8678
ohmyzsh,2018,5,65798,67402,3504
javascript,2018,5,65677,67046,7588
gitignore,2018,5,62805,64382,4875
react-native,2018,5,59173,60396,4605
coding-interview-university,2018,5,57469,59749,9590
electron,2018,5,55262,56507,7778
angular.js,2018,5,54009,54275,7434
freeCodeCamp,2018,6,272379,273285,1648
free-programming-books,2018,6,99856,101585,527
react,2018,6,90171,97922,9387
vue,2018,6,88312,97813,7955
tensorflow,2018,6,93581,96119,5672
awesome,2018,6,80941,83112,6688
You-Dont-Know-JS,2018,6,77971,79538,691
d3,2018,6,72304,73098,8678
ohmyzsh,2018,6,67402,68775,3504
javascript,2018,6,67046,68274,7588
gitignore,2018,6,64382,65893,4875
react-native,2018,6,60396,61743,4605
coding-interview-university,2018,6,59749,61040,9590
electron,2018,6,56507,57715,7778
angular.js,2018,6,54275,54578,7434
freeCodeCamp,2018,7,273285,274563,1648
free-programming-books,2018,7,101585,102951,527
vue,2018,7,97813,101356,7955
react,2018,7,97922,100485,9387
tensorflow,2018,7,96119,98551,5672
awesome,2018,7,83112,84786,6688
You-Dont-Know-JS,2018,7,79538,81075,691
d3,2018,7,73098,73897,8678
ohmyzsh,2018,7,68775,70238,3504
javascript,2018,7,68274,69673,7588
gitignore,2018,7,65893,67233,4875
react-native,2018,7,61743,62927,4605
coding-interview-university,2018,7,61040,62031,9590
electron,2018,7,57715,58794,7778
angular.js,2018,7,54578,54804,7434
freeCodeCamp,2018,8,274563,275700,1648
vue,2018,8,101356,104675,7955
free-programming-books,2018,8,102951,104665,527
react,2018,8,100485,102933,9387
tensorflow,2018,8,98551,100734,5672
awesome,2018,8,84786,86587,6688
You-Dont-Know-JS,2018,8,81075,82918,691
d3,2018,8,73897,74703,8678
ohmyzsh,2018,8,70238,71855,3504
javascript,2018,8,69673,71006,7588
gitignore,2018,8,67233,68617,4875
react-native,2018,8,62927,64085,4605
coding-interview-university,2018,8,62031,63135,9590
electron,2018,8,58794,59909,7778
angular.js,2018,8,54804,55033,7434
freeCodeCamp,2018,9,275700,276632,1648
vue,2018,9,104675,107399,7955
free-programming-books,2018,9,104665,105899,527
react,2018,9,102933,105169,9387
tensorflow,2018,9,100734,103085,5672
awesome,2018,9,86587,88249,6688
You-Dont-Know-JS,2018,9,82918,84581,691
d3,2018,9,74703,75508,8678
ohmyzsh,2018,9,71855,73265,3504
javascript,2018,9,71006,72222,7588
gitignore,2018,9,68617,69889,4875
react-native,2018,9,64085,65276,4605
coding-interview-university,2018,9,63135,64446,9590
electron,2018,9,59909,61003,7778
vscode,2018,9,54414,56632,4628
freeCodeCamp,2018,10,276632,278720,1648
vue,2018,10,107399,109930,7955
free-programming-books,2018,10,105899,107384,527
react,2018,10,105169,107356,9387
tensorflow,2018,10,103085,105529,5672
awesome,2018,10,88249,90286,6688
You-Dont-Know-JS,2018,10,84581,86181,691
d3,2018,10,75508,76263,8678
ohmyzsh,2018,10,73265,74703,3504
javascript,2018,10,72222,73606,7588
gitignore,2018,10,69889,71229,4875
react-native,2018,10,65276,66418,4605
coding-interview-university,2018,10,64446,65685,9590
electron,2018,10,61003,62000,7778
vscode,2018,10,56632,59048,4628
freeCodeCamp,2018,11,278720,279693,1648
vue,2018,11,109930,112888,7955
react,2018,11,107356,109677,9387
free-programming-books,2018,11,107384,108647,527
tensorflow,2018,11,105529,107873,5672
awesome,2018,11,90286,92195,6688
You-Dont-Know-JS,2018,11,86181,87778,691
d3,2018,11,76263,77065,8678
ohmyzsh,2018,11,74703,76170,3504
javascript,2018,11,73606,74798,7588
gitignore,2018,11,71229,72498,4875
react-native,2018,11,66418,67536,4605
coding-interview-university,2018,11,65685,66665,9590
electron,2018,11,62000,63092,7778
vscode,2018,11,59048,60828,4628
freeCodeCamp,2018,12,279693,280625,1648
vue,2018,12,112888,115769,7955
react,2018,12,109677,111786,9387
tensorflow,2018,12,107873,109956,5672
free-programming-books,2018,12,108647,109761,527
awesome,2018,12,92195,93872,6688
You-Dont-Know-JS,2018,12,87778,89245,691
d3,2018,12,77065,77844,8678
ohmyzsh,2018,12,76170,77577,3504
javascript,2018,12,74798,75803,7588
gitignore,2018,12,72498,73696,4875
react-native,2018,12,67536,68514,4605
coding-interview-university,2018,12,66665,68028,9590
electron,2018,12,63092,64213,7778
vscode,2018,12,60828,62446,4628
freeCodeCamp,2019,1,280625,281695,1648
vue,2019,1,115769,118967,7955
react,2019,1,111786,114274,9387
tensorflow,2019,1,109956,112168,5672
free-programming-books,2019,1,109761,111199,527
awesome,2019,1,93872,96054,6688
You-Dont-Know-JS,2019,1,89245,91128,691
ohmyzsh,2019,1,77577,79069,3504
d3,2019,1,77844,78697,8678
javascript,2019,1,75803,77104,7588
gitignore,2019,1,73696,75104,4875
react-native,2019,1,68514,69578,4605
coding-interview-university,2019,1,68028,69143,9590
developer-roadmap,2019,1,59736,66638,4078
electron,2019,1,64213,65601,7778
freeCodeCamp,2019,2,281695,282633,1648
vue,2019,2,118967,121449,7955
react,2019,2,114274,116476,9387
tensorflow,2019,2,112168,113979,5672
free-programming-books,2019,2,111199,112291,527
awesome,2019,2,96054,97905,6688
You-Dont-Know-JS,2019,2,91128,92629,691
ohmyzsh,2019,2,79069,80294,3504
d3,2019,2,78697,79374,8678
javascript,2019,2,77104,78107,7588
gitignore,2019,2,75104,76359,4875
react-native,2019,2,69578,70722,4605
developer-roadmap,2019,2,66638,70328,4078
coding-interview-university,2019,2,69143,70078,9590
electron,2019,2,65601,66572,7778
freeCodeCamp,2019,3,282633,285120,1648
vue,2019,3,121449,125975,7955
react,2019,3,116476,119020,9387
996.ICU,2019,3,118508,118508,2631
tensorflow,2019,3,113979,116878,5672
free-programming-books,2019,3,112291,114689,527
awesome,2019,3,97905,100370,6688
You-Dont-Know-JS,2019,3,92629,94622,691
ohmyzsh,2019,3,80294,82010,3504
d3,2019,3,79374,80286,8678
javascript,2019,3,78107,79399,7588
gitignore,2019,3,76359,78087,4875
developer-roadmap,2019,3,70328,72865,4078
react-native,2019,3,70722,71864,4605
coding-interview-university,2019,3,70078,71349,9590
freeCodeCamp,2019,4,285120,287970,1648
996.ICU,2019,4,118508,224497,2631
vue,2019,4,125975,129504,7955
react,2019,4,119020,121372,9387
tensorflow,2019,4,116878,119255,5672
free-programming-books,2019,4,114689,116619,527
awesome,2019,4,100370,102658,6688
You-Dont-Know-JS,2019,4,94622,96507,691
ohmyzsh,2019,4,82010,83664,3504
d3,2019,4,80286,81093,8678
javascript,2019,4,79399,80619,7588
gitignore,2019,4,78087,79750,4875
developer-roadmap,2019,4,72865,75677,4078
react-native,2019,4,71864,72879,4605
coding-interview-university,2019,4,71349,72442,9590
freeCodeCamp,2019,5,287970,289303,1648
996.ICU,2019,5,224497,230258,2631
vue,2019,5,129504,132397,7955
react,2019,5,121372,123527,9387
tensorflow,2019,5,119255,121436,5672
free-programming-books,2019,5,116619,118138,527
awesome,2019,5,102658,104594,6688
You-Dont-Know-JS,2019,5,96507,98133,691
ohmyzsh,2019,5,83664,85325,3504
d3,2019,5,81093,81873,8678
javascript,2019,5,80619,81835,7588
gitignore,2019,5,79750,81235,4875
developer-roadmap,2019,5,75677,77483,4078
react-native,2019,5,72879,74063,4605
coding-interview-university,2019,5,72442,73655,9590
freeCodeCamp,2019,6,289303,290229,1648
996.ICU,2019,6,230258,232048,2631
vue,2019,6,132397,134955,7955
react,2019,6,123527,125265,9387
tensorflow,2019,6,121436,123060,5672
free-programming-books,2019,6,118138,119395,527
awesome,2019,6,104594,106470,6688
You-Dont-Know-JS,2019,6,98133,99768,691
ohmyzsh,2019,6,85325,87417,3504
javascript,2019,6,81835,82706,7588
gitignore,2019,6,81235,82630,4875
d3,2019,6,81873,82530,8678
developer-roadmap,2019,6,77483,79087,4078
react-native,2019,6,74063,74997,4605
vscode,2019,6,72993,74714,4628
freeCodeCamp,2019,7,290229,291166,1648
996.ICU,2019,7,232048,233509,2631
vue,2019,7,134955,137516,7955
react,2019,7,125265,127132,9387
tensorflow,2019,7,123060,124928,5672
free-programming-books,2019,7,119395,120935,527
awesome,2019,7,106470,108399,6688
You-Dont-Know-JS,2019,7,99768,101502,691
ohmyzsh,2019,7,87417,89099,3504
gitignore,2019,7,82630,84079,4875
javascript,2019,7,82706,83719,7588
d3,2019,7,82530,83308,8678
developer-roadmap,2019,7,79087,80840,4078
coding-interview-university,2019,7,74685,78415,9590
vscode,2019,7,74714,76297,4628
freeCodeCamp,2019,8,291166,292052,1648
996.ICU,2019,8,233509,234701,2631
vue,2019,8,137516,139828,7955
react,2019,8,127132,128918,9387
tensorflow,2019,8,124928,126521,5672
free-programming-books,2019,8,120935,122439,527
awesome,2019,8,108399,110294,6688
You-Dont-Know-JS,2019,8,101502,103277,691
ohmyzsh,2019,8,89099,90675,3504
gitignore,2019,8,84079,85564,4875
javascript,2019,8,83719,84663,7588
d3,2019,8,83308,84060,8678
coding-interview-university,2019,8,78415,83503,9590
developer-roadmap,2019,8,80840,82532,4078
vscode,2019,8,76297,77936,4628
freeCodeCamp,2019,9,292052,293097,1648
996.ICU,2019,9,234701,235616,2631
vue,2019,9,139828,141735,7955
react,2019,9,128918,130651,9387
tensorflow,2019,9,126521,128317,5672
free-programming-books,2019,9,122439,124270,527
awesome,2019,9,110294,112058,6688
You-Dont-Know-JS,2019,9,103277,104653,691
ohmyzsh,2019,9,90675,92046,3504
gitignore,2019,9,85564,86741,4875
coding-interview-university,2019,9,83503,85541,9590
javascript,2019,9,84663,85497,7588
d3,2019,9,84060,84806,8678
developer-roadmap,2019,9,82532,83923,4078
vscode,2019,9,77936,79595,4628
freeCodeCamp,2019,10,293097,294171,1648
996.ICU,2019,10,235616,236441,2631
vue,2019,10,141735,144094,7955
react,2019,10,130651,132434,9387
tensorflow,2019,10,128317,130018,5672
free-programming-books,2019,10,124270,125499,527
awesome,2019,10,112058,113930,6688
You-Dont-Know-JS,2019,10,104653,106381,691
ohmyzsh,2019,10,92046,94160,3504
gitignore,2019,10,86741,87960,4875
coding-interview-university,2019,10,85541,87296,9590
javascript,2019,10,85497,86369,7588
d3,2019,10,84806,85431,8678
developer-roadmap,2019,10,83923,85161,4078
vscode,2019,10,79595,81145,4628
freeCodeCamp,2019,11,294171,295713,1648
996.ICU,2019,11,236441,237556,2631
vue,2019,11,144094,146081,7955
react,2019,11,132434,134053,9387
tensorflow,2019,11,130018,131743,5672
free-programming-books,2019,11,125499,127547,527
awesome,2019,11,113930,115698,6688
You-Dont-Know-JS,2019,11,106381,108126,691
ohmyzsh,2019,11,94160,95948,3504
coding-interview-university,2019,11,87296,89411,9590
gitignore,2019,11,87960,89159,4875
javascript,2019,11,86369,87173,7588
developer-roadmap,2019,11,85161,86657,4078
d3,2019,11,85431,86062,8678
vscode,2019,11,81145,83451,4628
freeCodeCamp,2019,12,295713,296744,1648
996.ICU,2019,12,237556,238794,2631
vue,2019,12,146081,148036,7955
react,2019,12,134053,135562,9387
tensorflow,2019,12,131743,133130,5672
free-programming-books,2019,12,127547,129341,527
awesome,2019,12,115698,117968,6688
You-Dont-Know-JS,2019,12,108126,109814,691
ohmyzsh,2019,12,95948,97577,3504
coding-interview-university,2019,12,89411,90669,9590
gitignore,2019,12,89159,90283,4875
developer-roadmap,2019,12,86657,88089,4078
javascript,2019,12,87173,87969,7588
d3,2019,12,86062,86628,8678
vscode,2019,12,83451,85286,4628
freeCodeCamp,2020,1,296744,297721,1648
996.ICU,2020,1,238794,239515,2631
vue,2020,1,148036,149559,7955
react,2020,1,135562,137107,9387
tensorflow,2020,1,133130,134257,5672
free-programming-books,2020,1,129341,131369,527
awesome,2020,1,117968,120562,6688
You-Dont-Know-JS,2020,1,109814,111754,691
ohmyzsh,2020,1,97577,99149,3504
coding-interview-university,2020,1,90669,92401,9590
gitignore,2020,1,90283,91596,4875
developer-roadmap,2020,1,88089,90326,4078
javascript,2020,1,87969,88697,7588
d3,2020,1,86628,87147,8678
vscode,2020,1,85286,86726,4628
freeCodeCamp,2020,2,297721,298629,1648
996.ICU,2020,2,239515,239987,2631
vue,2020,2,149559,151493,7955
react,2020,2,137107,138606,9387
tensorflow,2020,2,134257,135323,5672
free-programming-books,2020,2,131369,132834,527
awesome,2020,2,120562,122628,6688
You-Dont-Know-JS,2020,2,111754,114162,691
ohmyzsh,2020,2,99149,100679,3504
coding-interview-university,2020,2,92401,95232,9590
gitignore,2020,2,91596,92812,4875
developer-roadmap,2020,2,90326,92169,4078
javascript,2020,2,88697,89835,7588
vscode,2020,2,86726,88001,4628
CS-Notes,2020,2,85351,87686,4843
freeCodeCamp,2020,3,298629,299612,1648
996.ICU,2020,3,239987,240653,2631
vue,2020,3,151493,153983,7955
react,2020,3,138606,140264,9387
tensorflow,2020,3,135323,136675,5672
free-programming-books,2020,3,132834,134609,527
awesome,2020,3,122628,125680,6688
You-Dont-Know-JS,2020,3,114162,115474,691
ohmyzsh,2020,3,100679,102368,3504
coding-interview-university,2020,3,95232,99315,9590
gitignore,2020,3,92812,94171,4875
developer-roadmap,2020,3,92169,94124,4078
CS-Notes,2020,3,87686,91577,4843
javascript,2020,3,89835,90720,7588
vscode,2020,3,88001,89568,4628
freeCodeCamp,2020,4,299612,300917,1648
996.ICU,2020,4,240653,241379,2631
vue,2020,4,153983,156682,7955
react,2020,4,140264,142145,9387
free-programming-books,2020,4,134609,141186,527
tensorflow,2020,4,136675,138051,5672
awesome,2020,4,125680,127710,6688
You-Dont-Know-JS,2020,4,115474,116754,691
coding-interview-university,2020,4,99315,105685,9590
ohmyzsh,2020,4,102368,105405,3504
developer-roadmap,2020,4,94124,101600,4078
gitignore,2020,4,94171,97666,4875
CS-Notes,2020,4,91577,95232,4843
javascript,2020,4,90720,91670,7588
vscode,2020,4,89568,91366,4628
freeCodeCamp,2020,5,300917,302291,1648
996.ICU,2020,5,241379,242232,2631
vue,2020,5,156682,158827,7955
free-programming-books,2020,5,141186,144933,527
react,2020,5,142145,144126,9387
tensorflow,2020,5,138051,139480,5672
awesome,2020,5,127710,129856,6688
You-Dont-Know-JS,2020,5,116754,118654,691
coding-interview-university,2020,5,105685,113203,9590
ohmyzsh,2020,5,105405,107581,3504
developer-roadmap,2020,5,101600,105567,4078
gitignore,2020,5,97666,99874,4875
CS-Notes,2020,5,95232,97946,4843
system-design-primer,2020,5,89210,94014,4126
vscode,2020,5,91366,93263,4628
freeCodeCamp,2020,6,302291,303417,1648
996.ICU,2020,6,242232,242803,2631
vue,2020,6,158827,160911,7955
free-programming-books,2020,6,144933,147919,527
react,2020,6,144126,145882,9387
tensorflow,2020,6,139480,140701,5672
awesome,2020,6,129856,131800,6688
You-Dont-Know-JS,2020,6,118654,120372,691
coding-interview-university,2020,6,113203,116953,9590
ohmyzsh,2020,6,107581,109234,3504
developer-roadmap,2020,6,105567,108304,4078
gitignore,2020,6,99874,101440,4875
CS-Notes,2020,6,97946,100645,4843
system-design-primer,2020,6,94014,96612,4126
vscode,2020,6,93263,94942,4628
freeCodeCamp,2020,7,303417,304814,1648
996.ICU,2020,7,242803,243683,2631
vue,2020,7,160911,163188,7955
free-programming-books,2020,7,147919,149828,527
react,2020,7,145882,147923,9387
tensorflow,2020,7,140701,141959,5672
awesome,2020,7,131800,133624,6688
You-Dont-Know-JS,2020,7,120372,121756,691
coding-interview-university,2020,7,116953,121704,9590
developer-roadmap,2020,7,108304,112786,4078
ohmyzsh,2020,7,109234,110864,3504
CS-Notes,2020,7,100645,103243,4843
gitignore,2020,7,101440,102803,4875
system-design-primer,2020,7,96612,99258,4126
vscode,2020,7,94942,96886,4628
freeCodeCamp,2020,8,304814,306208,1648
996.ICU,2020,8,243683,244735,2631
vue,2020,8,163188,165295,7955
free-programming-books,2020,8,149828,153079,527
react,2020,8,147923,149899,9387
tensorflow,2020,8,141959,143079,5672
awesome,2020,8,133624,135721,6688
coding-interview-university,2020,8,121704,127124,9590
You-Dont-Know-JS,2020,8,121756,123254,691
developer-roadmap,2020,8,112786,117452,4078
ohmyzsh,2020,8,110864,112351,3504
CS-Notes,2020,8,103243,105541,4843
gitignore,2020,8,102803,104403,4875
system-design-primer,2020,8,99258,101717,4126
vscode,2020,8,96886,98655,4628
freeCodeCamp,2020,9,306208,307492,1648
996.ICU,2020,9,244735,245729,2631
vue,2020,9,165295,167545,7955
free-programming-books,2020,9,153079,155557,527
react,2020,9,149899,151672,9387
tensorflow,2020,9,143079,144141,5672
awesome,2020,9,135721,137728,6688
coding-interview-university,2020,9,127124,130511,9590
You-Dont-Know-JS,2020,9,123254,124592,691
developer-roadmap,2020,9,117452,122311,4078
ohmyzsh,2020,9,112351,113832,3504
CS-Notes,2020,9,105541,107894,4843
gitignore,2020,9,104403,105693,4875
system-design-primer,2020,9,101717,104548,4126
vscode,2020,9,98655,100182,4628
freeCodeCamp,2020,10,307492,308932,1648
996.ICU,2020,10,245729,246426,2631
vue,2020,10,167545,169089,7955
free-programming-books,2020,10,155557,159018,527
react,2020,10,151672,153458,9387
tensorflow,2020,10,144141,145169,5672
awesome,2020,10,137728,139547,6688
coding-interview-university,2020,10,130511,135633,9590
developer-roadmap,2020,10,122311,127970,4078
You-Dont-Know-JS,2020,10,124592,126062,691
ohmyzsh,2020,10,113832,115341,3504
CS-Notes,2020,10,107894,109867,4843
system-design-primer,2020,10,104548,107051,4126
gitignore,2020,10,105693,106936,4875
vscode,2020,10,100182,101777,4628
freeCodeCamp,2020,11,308932,310022,1648
996.ICU,2020,11,246426,247111,2631
vue,2020,11,169089,170633,7955
free-programming-books,2020,11,159018,161997,527
react,2020,11,153458,155067,9387
tensorflow,2020,11,145169,146529,5672
awesome,2020,11,139547,143522,6688
coding-interview-university,2020,11,135633,138136,9590
developer-roadmap,2020,11,127970,132333,4078
You-Dont-Know-JS,2020,11,126062,127133,691
ohmyzsh,2020,11,115341,116993,3504
CS-Notes,2020,11,109867,111714,4843
system-design-primer,2020,11,107051,110043,4126
gitignore,2020,11,106936,108174,4875
flutter,2020,11,101275,103730,7966
freeCodeCamp,2020,12,310022,311334,1648
996.ICU,2020,12,247111,247898,2631
vue,2020,12,170633,172260,7955
free-programming-books,2020,12,161997,165511,527
react,2020,12,155067,156804,9387
tensorflow,2020,12,146529,147764,5672
coding-interview-university,2020,12,138136,146408,9590
awesome,2020,12,143522,145987,6688
developer-roadmap,2020,12,132333,136005,4078
You-Dont-Know-JS,2020,12,127133,128845,691
ohmyzsh,2020,12,116993,118769,3504
CS-Notes,2020,12,111714,114129,4843
system-design-primer,2020,12,110043,113166,4126
gitignore,2020,12,108174,109734,4875
flutter,2020,12,103730,105719,7966
freeCodeCamp,2021,1,311334,312637,1648
996.ICU,2021,1,247898,250091,2631
vue,2021,1,172260,173839,7955
free-programming-books,2021,1,165511,168860,527
react,2021,1,156804,158459,9387
coding-interview-university,2021,1,146408,149085,9590
tensorflow,2021,1,147764,148807,5672
awesome,2021,1,145987,147792,6688
developer-roadmap,2021,1,136005,141660,4078
You-Dont-Know-JS,2021,1,128845,130149,691
ohmyzsh,2021,1,118769,120253,3504
CS-Notes,2021,1,114129,116509,4843
system-design-primer,2021,1,113166,116342,4126
gitignore,2021,1,109734,110975,4875
flutter,2021,1,105719,107460,7966
freeCodeCamp,2021,2,312637,314810,1648
996.ICU,2021,2,250091,250710,2631
vue,2021,2,173839,175120,7955
free-programming-books,2021,2,168860,173435,527
react,2021,2,158459,159947,9387
coding-interview-university,2021,2,149085,150599,9590
awesome,2021,2,147792,150277,6688
tensorflow,2021,2,148807,149673,5672
developer-roadmap,2021,2,141660,144834,4078
You-Dont-Know-JS,2021,2,130149,131264,691
ohmyzsh,2021,2,120253,121605,3504
system-design-primer,2021,2,116342,118954,4126
CS-Notes,2021,2,116509,118470,4843
gitignore,2021,2,110975,112115,4875
flutter,2021,2,107460,109883,7966
freeCodeCamp,2021,3,314810,316297,1648
996.ICU,2021,3,250710,251658,2631
free-programming-books,2021,3,173435,176822,527
vue,2021,3,175120,176617,7955
react,2021,3,159947,161898,9387
coding-interview-university,2021,3,150599,152986,9590
awesome,2021,3,150277,152346,6688
tensorflow,2021,3,149673,150745,5672
developer-roadmap,2021,3,144834,147806,4078
You-Dont-Know-JS,2021,3,131264,132676,691
ohmyzsh,2021,3,121605,123054,3504
system-design-primer,2021,3,118954,121675,4126
CS-Notes,2021,3,118470,121426,4843
gitignore,2021,3,112115,113520,4875
flutter,2021,3,109883,113213,7966
freeCodeCamp,2021,4,316297,317721,1648
996.ICU,2021,4,251658,252458,2631
free-programming-books,2021,4,176822,181565,527
vue,2021,4,176617,178264,7955
react,2021,4,161898,163520,9387
coding-interview-university,2021,4,152986,160902,9590
awesome,2021,4,152346,155990,6688
developer-roadmap,2021,4,147806,152442,4078
tensorflow,2021,4,150745,151918,5672
You-Dont-Know-JS,2021,4,132676,134807,691
system-design-primer,2021,4,121675,125512,4126
ohmyzsh,2021,4,123054,124505,3504
CS-Notes,2021,4,121426,123963,4843
public-apis,2021,4,112132,116697,4872
flutter,2021,4,113213,115632,7966
freeCodeCamp,2021,5,317721,319200,1648
996.ICU,2021,5,252458,253141,2631
free-programming-books,2021,5,181565,186111,527
vue,2021,5,178264,179644,7955
coding-interview-university,2021,5,160902,168864,9590
react,2021,5,163520,165084,9387
awesome,2021,5,155990,158533,6688
developer-roadmap,2021,5,152442,156296,4078
tensorflow,2021,5,151918,152859,5672
You-Dont-Know-JS,2021,5,134807,136587,691
system-design-primer,2021,5,125512,129929,4126
CS-Notes,2021,5,123963,126910,4843
ohmyzsh,2021,5,124505,125922,3504
public-apis,2021,5,116697,122317,4872
flutter,2021,5,115632,117618,7966
freeCodeCamp,2021,6,319200,320404,1648
996.ICU,2021,6,253141,253878,2631
free-programming-books,2021,6,186111,190293,527
vue,2021,6,179644,180945,7955
coding-interview-university,2021,6,168864,177971,9590
react,2021,6,165084,166752,9387
awesome,2021,6,158533,161569,6688
developer-roadmap,2021,6,156296,159460,4078
tensorflow,2021,6,152859,153878,5672
You-Dont-Know-JS,2021,6,136587,138536,691
system-design-primer,2021,6,129929,133657,4126
CS-Notes,2021,6,126910,130637,4843
public-apis,2021,6,122317,129444,4872
ohmyzsh,2021,6,125922,127521,3504
flutter,2021,6,117618,120116,7966
freeCodeCamp,2021,7,320404,322504,1648
996.ICU,2021,7,253878,254495,2631
free-programming-books,2021,7,190293,193769,527
coding-interview-university,2021,7,177971,183861,9590
vue,2021,7,180945,182385,7955
react,2021,7,166752,168448,9387
awesome,2021,7,161569,163229,6688
developer-roadmap,2021,7,159460,162479,4078
tensorflow,2021,7,153878,154834,5672
public-apis,2021,7,129444,141003,4872
You-Dont-Know-JS,2021,7,138536,140058,691
system-design-primer,2021,7,133657,136537,4126
CS-Notes,2021,7,130637,132902,4843
ohmyzsh,2021,7,127521,128877,3504
flutter,2021,7,120116,123174,7966
freeCodeCamp,2021,8,322504,324563,1648
996.ICU,2021,8,254495,255231,2631
free-programming-books,2021,8,193769,197731,527
coding-interview-university,2021,8,183861,185907,9590
vue,2021,8,182385,183797,7955
react,2021,8,168448,170293,9387
developer-roadmap,2021,8,162479,165344,4078
awesome,2021,8,163229,164773,6688
tensorflow,2021,8,154834,155906,5672
public-apis,2021,8,141003,150000,4872
You-Dont-Know-JS,2021,8,140058,141264,691
system-design-primer,2021,8,136537,139296,4126
CS-Notes,2021,8,132902,134671,4843
ohmyzsh,2021,8,128877,130230,3504
flutter,2021,8,123174,125155,7966
freeCodeCamp,2021,9,324563,328200,1648
996.ICU,2021,9,255231,255807,2631
free-programming-books,2021,9,197731,203194,527
coding-interview-university,2021,9,185907,189359,9590
vue,2021,9,183797,185180,7955
react,2021,9,170293,172041,9387
developer-roadmap,2021,9,165344,168647,4078
awesome,2021,9,164773,167360,6688
public-apis,2021,9,150000,156861,4872
tensorflow,2021,9,155906,156740,5672
You-Dont-Know-JS,2021,9,141264,142894,691
system-design-primer,2021,9,139296,142387,4126
CS-Notes,2021,9,134671,136614,4843
ohmyzsh,2021,9,130230,131540,3504
flutter,2021,9,125155,127548,7966
freeCodeCamp,2021,10,328200,330213,1648
996.ICU,2021,10,255807,256769,2631
free-programming-books,2021,10,203194,206206,527
coding-interview-university,2021,10,189359,191991,9590
vue,2021,10,185180,186432,7955
react,2021,10,172041,173692,9387
developer-roadmap,2021,10,168647,171181,4078
awesome,2021,10,167360,171028,6688
public-apis,2021,10,156861,162391,4872
tensorflow,2021,10,156740,157695,5672
system-design-primer,2021,10,142387,144926,4126
You-Dont-Know-JS,2021,10,142894,143990,691
CS-Notes,2021,10,136614,138334,4843
ohmyzsh,2021,10,131540,133514,3504
flutter,2021,10,127548,128682,7966
freeCodeCamp,2021,11,330213,332325,1648
996.ICU,2021,11,256769,257337,2631
free-programming-books,2021,11,206206,209509,527
coding-interview-university,2021,11,191991,195148,9590
vue,2021,11,186432,187662,7955
react,2021,11,173692,175260,9387
awesome,2021,11,171028,174779,6688
developer-roadmap,2021,11,171181,173747,4078
public-apis,2021,11,162391,165567,4872
tensorflow,2021,11,157695,158557,5672
system-design-primer,2021,11,144926,148963,4126
You-Dont-Know-JS,2021,11,143990,145015,691
CS-Notes,2021,11,138334,140144,4843
ohmyzsh,2021,11,133514,135228,3504
flutter,2021,11,128682,129895,7966
freeCodeCamp,2021,12,332325,334269,1648
996.ICU,2021,12,257337,257956,2631
free-programming-books,2021,12,209509,214672,527
coding-interview-university,2021,12,195148,198488,9590
vue,2021,12,187662,188923,7955
awesome,2021,12,174779,179906,6688
developer-roadmap,2021,12,173747,178512,4078
react,2021,12,175260,177060,9387
public-apis,2021,12,165567,169699,4872
tensorflow,2021,12,158557,159418,5672
system-design-primer,2021,12,148963,154114,4126
You-Dont-Know-JS,2021,12,145015,146095,691
CS-Notes,2021,12,140144,141966,4843
ohmyzsh,2021,12,135228,136998,3504
flutter,2021,12,129895,131205,7966
freeCodeCamp,2022,1,334269,336553,1648
996.ICU,2022,1,257956,258575,2631
free-programming-books,2022,1,214672,217588,527
coding-interview-university,2022,1,198488,202311,9590
vue,2022,1,188923,190129,7955
awesome,2022,1,179906,184901,6688
developer-roadmap,2022,1,178512,181960,4078
react,2022,1,177060,179032,9387
public-apis,2022,1,169699,175757,4872
tensorflow,2022,1,159418,160653,5672
system-design-primer,2022,1,154114,158067,4126
You-Dont-Know-JS,2022,1,146095,147447,691
CS-Notes,2022,1,141966,143620,4843
ohmyzsh,2022,1,136998,138618,3504
flutter,2022,1,131205,132471,7966
freeCodeCamp,2022,2,336553,338557,1648
996.ICU,2022,2,258575,259316,2631
free-programming-books,2022,2,217588,220332,527
coding-interview-university,2022,2,202311,207754,9590
vue,2022,2,190129,191108,7955
awesome,2022,2,184901,188734,6688
developer-roadmap,2022,2,181960,184477,4078
react,2022,2,179032,180706,9387
public-apis,2022,2,175757,179397,4872
system-design-primer,2022,2,158067,162125,4126
tensorflow,2022,2,160653,161479,5672
You-Dont-Know-JS,2022,2,147447,148776,691
CS-Notes,2022,2,143620,145259,4843
ohmyzsh,2022,2,138618,140050,3504
flutter,2022,2,132471,134888,7966
freeCodeCamp,2022,3,338557,340774,1648
996.ICU,2022,3,259316,260007,2631
free-programming-books,2022,3,220332,226813,527
coding-interview-university,2022,3,207754,212921,9590
awesome,2022,3,188734,193550,6688
vue,2022,3,191108,192597,7955
developer-roadmap,2022,3,184477,187817,4078
public-apis,2022,3,179397,185048,4872
react,2022,3,180706,183576,9387
system-design-primer,2022,3,162125,167187,4126
tensorflow,2022,3,161479,162489,5672
You-Dont-Know-JS,2022,3,148776,150161,691
CS-Notes,2022,3,145259,147261,4843
ohmyzsh,2022,3,140050,141768,3504
flutter,2022,3,134888,136263,7966
freeCodeCamp,2022,4,340774,342658,1648
996.ICU,2022,4,260007,260742,2631
free-programming-books,2022,4,226813,230065,527
coding-interview-university,2022,4,212921,216176,9590
awesome,2022,4,193550,197548,6688
vue,2022,4,192597,193703,7955
developer-roadmap,2022,4,187817,191526,4078
public-apis,2022,4,185048,188773,4872
react,2022,4,183576,185611,9387
system-design-primer,2022,4,167187,176290,4126
tensorflow,2022,4,162489,163354,5672
You-Dont-Know-JS,2022,4,150161,151473,691
CS-Notes,2022,4,147261,148843,4843
ohmyzsh,2022,4,141768,143431,3504
build-your-own-x,2022,4,135149,138627,4438
freeCodeCamp,2022,5,342658,344942,1648
996.ICU,2022,5,260742,261372,2631
free-programming-books,2022,5,230065,232609,527
coding-interview-university,2022,5,216176,219166,9590
awesome,2022,5,197548,201809,6688
vue,2022,5,193703,194918,7955
developer-roadmap,2022,5,191526,194118,4078
public-apis,2022,5,188773,193078,4872
react,2022,5,185611,187551,9387
system-design-primer,2022,5,176290,180920,4126
tensorflow,2022,5,163354,164373,5672
You-Dont-Know-JS,2022,5,151473,153269,691
CS-Notes,2022,5,148843,150583,4843
ohmyzsh,2022,5,143431,144950,3504
build-your-own-x,2022,5,138627,141086,4438
freeCodeCamp,2022,6,344942,346949,1648
996.ICU,2022,6,261372,262001,2631
free-programming-books,2022,6,232609,236295,527
coding-interview-university,2022,6,219166,221297,9590
awesome,2022,6,201809,205732,6688
public-apis,2022,6,193078,197280,4872
developer-roadmap,2022,6,194118,197033,4078
vue,2022,6,194918,196182,7955
react,2022,6,187551,189680,9387
system-design-primer,2022,6,180920,184371,4126
tensorflow,2022,6,164373,165313,5672
You-Dont-Know-JS,2022,6,153269,154726,691
CS-Notes,2022,6,150583,152830,4843
ohmyzsh,2022,6,144950,146392,3504
build-your-own-x,2022,6,141086,145160,4438
freeCodeCamp,2022,7,346949,349686,1648
996.ICU,2022,7,262001,262832,2631
free-programming-books,2022,7,236295,242355,527
coding-interview-university,2022,7,221297,226400,9590
awesome,2022,7,205732,211774,6688
developer-roadmap,2022,7,197033,202780,4078
public-apis,2022,7,197280,201999,4872
vue,2022,7,196182,197533,7955
react,2022,7,189680,191675,9387
system-design-primer,2022,7,184371,190366,4126
tensorflow,2022,7,165313,166242,5672
build-your-own-x,2022,7,145160,158760,4438
You-Dont-Know-JS,2022,7,154726,156234,691
CS-Notes,2022,7,152830,154438,4843
ohmyzsh,2022,7,146392,147790,3504
freeCodeCamp,2022,8,349686,351812,1648
996.ICU,2022,8,262832,263454,2631
free-programming-books,2022,8,242355,246402,527
coding-interview-university,2022,8,226400,230499,9590
awesome,2022,8,211774,216776,6688
developer-roadmap,2022,8,202780,208360,4078
public-apis,2022,8,201999,206932,4872
vue,2022,8,197533,198577,7955
system-design-primer,2022,8,190366,194441,4126
react,2022,8,191675,193666,9387
tensorflow,2022,8,166242,167167,5672
build-your-own-x,2022,8,158760,162887,4438
You-Dont-Know-JS,2022,8,156234,158201,691
CS-Notes,2022,8,154438,155741,4843
ohmyzsh,2022,8,147790,149245,3504
freeCodeCamp,2022,9,351812,354135,1648
996.ICU,2022,9,263454,263979,2631
free-programming-books,2022,9,246402,250274,527
coding-interview-university,2022,9,230499,234779,9590
awesome,2022,9,216776,221257,6688
developer-roadmap,2022,9,208360,213046,4078
public-apis,2022,9,206932,210251,4872
vue,2022,9,198577,199565,7955
system-design-primer,2022,9,194441,198480,4126
react,2022,9,193666,195348,9387
tensorflow,2022,9,167167,167999,5672
build-your-own-x,2022,9,162887,166448,4438
You-Dont-Know-JS,2022,9,158201,159528,691
CS-Notes,2022,9,155741,157020,4843
ohmyzsh,2022,9,149245,150534,3504
freeCodeCamp,2022,10,354135,355364,1648
996.ICU,2022,10,263979,264224,2631
free-programming-books,2022,10,250274,251813,527
coding-interview-university,2022,10,234779,235898,9590
awesome,2022,10,221257,222833,6688
developer-roadmap,2022,10,213046,214860,4078
public-apis,2022,10,210251,212192,4872
vue,2022,10,199565,200032,7955
system-design-primer,2022,10,198480,199860,4126
react,2022,10,195348,196061,9387
tensorflow,2022,10,167999,168402,5672
build-your-own-x,2022,10,166448,168057,4438
You-Dont-Know-JS,2022,10,159528,160145,691
CS-Notes,2022,10,157020,157582,4843
ohmyzsh,2022,10,150534,151075,3504
